-- phpMyAdmin SQL Dump
-- version 4.8.4
-- https://www.phpmyadmin.net/
--
-- Host: 127.0.0.1
-- Generation Time: Sep 29, 2021 at 10:38 AM
-- Server version: 10.1.37-MariaDB
-- PHP Version: 7.0.33

SET SQL_MODE = "NO_AUTO_VALUE_ON_ZERO";
SET AUTOCOMMIT = 0;
START TRANSACTION;
SET time_zone = "+00:00";


/*!40101 SET @OLD_CHARACTER_SET_CLIENT=@@CHARACTER_SET_CLIENT */;
/*!40101 SET @OLD_CHARACTER_SET_RESULTS=@@CHARACTER_SET_RESULTS */;
/*!40101 SET @OLD_COLLATION_CONNECTION=@@COLLATION_CONNECTION */;
/*!40101 SET NAMES utf8mb4 */;

--
-- Database: `wmpdb`
--

-- --------------------------------------------------------

--
-- Table structure for table `bisnis`
--

CREATE TABLE `bisnis` (
  `bisnis_id` int(11) NOT NULL,
  `bisnis_kategori_id` int(11) NOT NULL,
  `bisnis_judul` varchar(220) NOT NULL,
  `bisnis_judul_seo` varchar(220) NOT NULL,
  `bisnis_desk` text NOT NULL,
  `bisnis_keyword` varchar(220) NOT NULL,
  `bisnis_meta_desk` varchar(200) NOT NULL,
  `bisnis_desk_eng` text NOT NULL,
  `bisnis_keyword_eng` varchar(220) NOT NULL,
  `bisnis_meta_desk_eng` varchar(220) NOT NULL,
  `bisnis_gambar` text NOT NULL,
  `bisnis_post_oleh` varchar(200) NOT NULL,
  `bisnis_post_hari` varchar(20) NOT NULL,
  `bisnis_post_tanggal` date NOT NULL,
  `bisnis_post_jam` time NOT NULL,
  `bisnis_update_oleh` varchar(200) NOT NULL,
  `bisnis_update_hari` varchar(20) NOT NULL,
  `bisnis_update_tanggal` date NOT NULL,
  `bisnis_update_jam` time NOT NULL,
  `bisnis_dibaca` int(50) NOT NULL,
  `bisnis_status` varchar(20) NOT NULL,
  `bisnis_url` varchar(50) NOT NULL
) ENGINE=InnoDB DEFAULT CHARSET=latin1;

--
-- Dumping data for table `bisnis`
--

INSERT INTO `bisnis` (`bisnis_id`, `bisnis_kategori_id`, `bisnis_judul`, `bisnis_judul_seo`, `bisnis_desk`, `bisnis_keyword`, `bisnis_meta_desk`, `bisnis_desk_eng`, `bisnis_keyword_eng`, `bisnis_meta_desk_eng`, `bisnis_gambar`, `bisnis_post_oleh`, `bisnis_post_hari`, `bisnis_post_tanggal`, `bisnis_post_jam`, `bisnis_update_oleh`, `bisnis_update_hari`, `bisnis_update_tanggal`, `bisnis_update_jam`, `bisnis_dibaca`, `bisnis_status`, `bisnis_url`) VALUES
(19, 19, 'Integrated Livestock', 'integrated-livestock', '<p style=\"text-align: justify; \">Sebagai sebuah perusahaan peternakan sapi terintegrasi terbesar di Indonesia, PT Pasir Tengah (PST) kini tercatat memenuhi kurang lebih 17% dari total kebutuhan pasar sapi potong nasional. Secara kontinu pemenuhan tersebut disuplai dari 4 fasilitas farm yang tersebar di beberapa lokasi strategis di daerah Cianjur, Cariu, Cileungsi (ketiganya berada di wilayah Jawa Barat) dan Bayat (Klaten, Jawa Tengah) dengan total kapasitas hingga 172.000 ribu ekor per tahun. Kualitas produk adalah label utama PT Pasir Tengah dalam memasuki pasar dan bertahan di tengah persaingan. Inovasi adalah kunci untuk menjaga eksistensi dan reputasi. Visi kerja berbasis Research and Development telah menjadi salah satu kultur kami. Dengan mempertahankan kualitasnya, PT Pasir Tengah berhasil menjadi salah satu dari tiga pemain besar di bidang pasokan sapi potong di Indonesia.<br></p>', 'Integrated Livestock', 'Integrated Livestock, bergerak di bidang peternakan sapi terintegrasi dimana bidang fattening, breeding, feedmill production, waste management termasuk organic fertilizer berada dalam satu lokasi berk', '', '', '', '450-x-3001.jpg', 'panji', 'Senin', '2021-04-26', '15:10:12', 'dhawy', 'Kamis', '2021-06-10', '18:31:31', 4, 'delete', ''),
(20, 20, 'Meat Processing', 'meat-processing', '<p style=\"text-align: justify; \">Lini bisnis Meat Processing bergerak di bidang Rumah Potong Hewan, perdagangan daging sapi, produksi makanan olahan dan pabrik kulit. </p><p style=\"text-align: justify; \">Berbasis ‘Integrated System‘, sapi-sapi dipelihara di empat Farm PT Pasir Tengah ( Integrated Livestock) kemudian diproses oleh PT Cianjur Arta Makmur menjadi produk daging sapi segar (chilled beef) dan daging beku (frozen beef)<br></p>', 'Meat Processing', 'Meat Processing terdiri dari rangkaian bisnis Rumah Potong Hewan (Modern Abattoir) terbesar di Indonesia,  Produk olahan (Food Processing), dan Pabrik Kulit (Tannery). .  Dilengkapi sertifikasi NKV da', '', '', '', 'camnew.jpg', 'panji', 'Senin', '2021-04-26', '15:10:43', 'dhawy', 'Kamis', '2021-06-10', '18:45:31', 4, 'delete', ''),
(21, 21, 'Integrated Poultry', 'integrated-poultry', '<p style=\"text-align: justify; \">Integrated Poultry bergerak di bidang peternakan ayam terintegrasi meliputi ;</p><ul><li style=\"text-align: justify;\"> Produksi pakan ternak (feedmil),</li><li style=\"text-align: justify;\">Pembibitan&nbsp; Grand Parent Stock&nbsp; (Breeding GPS) dan Pembibitan&nbsp; Parent Stock (Breeding PS), </li><li style=\"text-align: justify;\">Penetasan (Hatchery), </li><li style=\"text-align: justify;\">Budidaya ayam broiler (Commercial Broiler Farm). </li><li style=\"text-align: justify;\">Budidaya Ayam Petelur Premium Germanium ( Layer ), </li><li style=\"text-align: justify;\">Rumah Pemotongan Hewan Unggas RPHU (Slaughtered House) modern terbesar di Indonesia.&nbsp;</li></ul><p style=\"text-align: justify;\">PT Widodo Makmur Unggas (WMU) berkomitmen menyediakan produk pangan hewani untuk seluruh masyarakat dunia dengan memaksimalkan kualitas produk dan pelayanan yang terjangkau bagi konsumen. WMU juga berkomitmen pada integritas, profesionalitas, loyalitas, sinergi dan kolaborasi demi menjadi yang terbaik dalam bisnis perunggasan.&nbsp;Untuk keterangan lebih lanjut<br></p>', 'Integrated Poultry', 'Integrated Poultry bergerak di bidang peternakan ayam terintegrasi meliputi  Divisi Pembibitan  Grand Parent Stock  (Breeding GPS) dan Pembibitan  Parent Stock (Breeding PS), Divisi Penetasan (Hatcher', '', '', '', 'wmunew.jpg', 'panji', 'Senin', '2021-04-26', '15:11:13', 'jiung', 'Kamis', '2021-06-10', '19:01:15', 3, 'delete', ''),
(22, 22, 'Commodity', 'commodity', '<p style=\"text-align: justify; \">Food &amp; Commodity memproduksi beras kemasan untuk pasar domestik, pasar modern dan menyuplai horeka melalui produk-produk beras premium dalam berbagai varian ukuran dan brand. PT Widodofood Makmur Sejahtera sebagai representasi Commodity juga mengembangkan bisnis komoditi gula, kedelai, soy bean meal dan bahan pakan ternak terutama ayam dan sapi.<br></p>', 'Commodity', 'Food & Commodity memproduksi beras kemasan untuk pasar domestik, pasar modern dan menyuplai horeka melalui produk-produk beras premium dan menengah dalam berbagai varian ukuran dan brand. ', '', '', '', 'wms.jpg', 'panji', 'Senin', '2021-04-26', '15:11:41', 'jiung', 'Kamis', '2021-06-10', '16:41:15', 2, 'delete', ''),
(23, 23, 'Construction dan Energy', 'construction-dan-energy', '<p style=\"text-align: justify; \">Lini bisnis Construction & Energy menjadi pendukung penyelesaian konstruksi seluruh proyek investasi dari semua lini bisnis terutama Integrated Proyek-proyek yang telah dan sedang diselesaikan diantaranya;  </p><ol><li style=\"text-align: justify;\">Parent Stock Breeding Farm Tonggor</li><li style=\"text-align: justify;\">GrandParent Stock Breeding Farm Bantar Gadung dan Ngawen</li><li style=\"text-align: justify;\">Commercial Farm Wuryantoro</li><li style=\"text-align: justify;\">Hatchery Kwangen</li><li style=\"text-align: justify;\">Layer Farm Sawit</li><li style=\"text-align: justify;\">Rumah Potong Hewan Unggas (RPHU)  Jambakan</li><li style=\"text-align: justify;\">Rumah Potong Hewan Unggas (RPHU) Giritontro, terbesar di Indonesia) Dalam tahap</li><li style=\"text-align: justify;\">FeedMill Ngawi<br></li></ol>', 'Construction & Energy', 'Construction & Energy beroperasi sebagai pelaksana seluruh proyek-proyek internal Widodo Makmur dari berbagai lini bisnis terutama Poultry yang sedang membangun investas dalam jumlah besar .  ', '', '', '', 'Construction--Energy-450-x-300.png', 'panji', 'Senin', '2021-04-26', '15:12:11', 'dhawy', 'Kamis', '2021-09-09', '14:17:28', 3, 'delete', ''),
(27, 19, 'Cianjur Farm', 'cianjur-farm', '<ul><li><span style=\"font-size: 1rem;\">130 Hektar</span></li></ul>', '', '', '', '', '', '1_cianjurfarm.png', 'jiung', 'Rabu', '2021-06-09', '15:53:51', 'dhawy', 'Rabu', '2021-09-29', '13:39:50', 1, 'publish', ''),
(28, 19, 'Cariu Farm', 'cariu-farm', '<ul><li>35 Hektar</li></ul>', '', '', '', '', '', '2_cariufarm.png', 'dhawy', 'Kamis', '2021-06-10', '14:46:25', 'dhawy', 'Sabtu', '2021-09-18', '02:29:19', 0, 'publish', ''),
(29, 19, 'Cileungsi Farm', 'cileungsi-farm', '<ul><li><span style=\"font-family: Arial, Helvetica, sans-serif; text-align: justify;\">Luas 5 hektar</span></li><li><span style=\"font-family: Arial, Helvetica, sans-serif; text-align: justify;\">Populasi mencapai 5000 ekor sapi.</span></li><li><span style=\"font-family: Arial, Helvetica, sans-serif; text-align: justify;\">Peternakan ini disiapkan untuk memenuhi stok pasar Jakarta, Bogor, Depok, Tangerang dan sekitarnya.</span><br></li></ul>', '', '', '', '', '', 'cilengsi.png', 'dhawy', 'Kamis', '2021-06-10', '14:53:26', 'dhawy', 'Kamis', '2021-06-10', '14:54:33', 0, 'delete', ''),
(30, 19, 'Klaten Farm', 'klaten-farm', '<ul><li><span style=\"font-family: Arial, Helvetica, sans-serif; text-align: justify;\">Luas 5 hektar</span></li><li><span style=\"font-family: Arial, Helvetica, sans-serif; text-align: justify;\">Populasi mencapai 10.000 ekor sapi.</span></li><li><span style=\"font-family: Arial, Helvetica, sans-serif; text-align: justify;\">Menjadi Pusat Penelitian dan Pengembangan Strain Sapi Unggulan dan sebagai “Centre Of Excellence” bekerjasama dengan Fakultas Peternakan Universitas Gadjah Mada di bawah supervisi para ahli peternakan terkemuka tingkat nasional.</span><br></li></ul>', '', '', '', '', '', 'farm1-850x450.png', 'dhawy', 'Kamis', '2021-06-10', '14:56:50', 'dhawy', 'Kamis', '2021-06-10', '18:39:02', 0, 'delete', ''),
(31, 19, 'Program Sapi Unggulan', 'program-sapi-unggulan', '<ul><li style=\"text-align: justify;\">Bekerja sama dengan UGM mengembangkan program cross-breeding<br></li></ul>', '', '', '', '', '', '3_programsapiunggulan.png', 'dhawy', 'Kamis', '2021-06-10', '14:58:19', 'dhawy', 'Sabtu', '2021-09-18', '02:29:42', 0, 'publish', ''),
(32, 19, 'Pabrik Pakan Ternak', 'pakan-ternak', '<ul><li style=\"text-align: justify;\">Formula pakan bernutrisi tinggi, ramah lingkungan hasil riset berkelanjutan, dibawah pendampingan ahli peternakan terbaik.<br></li></ul>', '', '', '', '', '', '4_pabrikpakanternak.png', 'dhawy', 'Kamis', '2021-06-10', '14:59:45', 'dhawy', 'Sabtu', '2021-09-18', '02:30:00', 0, 'publish', ''),
(33, 20, 'Rumah Potong Hewan', 'rumah-potong-hewan', '<ul><li>Terbesar di Indonesia</li><li>Sertifikasi Halal MUI</li><li>Sertifikasi NKV<br></li></ul>', '', '', '', '', '', '1_Rumahpotonghewan.png', 'jiung', 'Kamis', '2021-06-10', '15:04:42', 'dhawy', 'Sabtu', '2021-09-18', '02:34:37', 0, 'publish', ''),
(34, 19, 'Produksi Pupuk', 'produksi-pupuk', '<ul><li style=\"text-align: justify;\">Limbah cair dan padat diproduksi sebagai pupuk organik. Menjadi bentuk komitmen kami dalam melaksanakan zero waste  untuk mereduksi efek rumah kaca (green house effect). PT Pasir Tengah telah merintis limbah peternakan untuk dikonversi sebagai bahan bakar biogas yang ramah lingkungan. <br></li></ul>', '', '', '', '', '', '5_ProduksiPupuk.png', 'dhawy', 'Kamis', '2021-06-10', '15:06:15', 'dhawy', 'Sabtu', '2021-09-18', '02:30:19', 0, 'publish', ''),
(35, 20, 'Makanan Olahan', 'makanan-olahan', '<ul><li>Memiliki ratusan item produk</li><li>Sertifikasi Halal dan BPOM</li></ul>', '', '', '', '', '', '2_MakananOlahan.png', 'jiung', 'Kamis', '2021-06-10', '15:06:54', 'dhawy', 'Sabtu', '2021-09-18', '02:34:54', 0, 'publish', ''),
(36, 20, 'Pabrik Kulit', 'pabrik-kulit', '<ul><li style=\"text-align: left;\"><span style=\"font-size: 1rem;\">Bahan baku industri military & safety shoes, upholstery, otomotif & fashion</span><br></li></ul>', '', '', '', '', '', '3_Pabrikkulit.png', 'jiung', 'Kamis', '2021-06-10', '15:07:19', 'dhawy', 'Sabtu', '2021-09-18', '02:35:08', 0, 'publish', ''),
(37, 21, 'Pabrik Pakan Ternak', 'pakan-ternak', '<ul><li style=\"text-align: justify;\"><span style=\"font-size: 1rem;\">Diformulasikan untuk memenuhi kebutuhan nutrisi unggas di setiap fase.</span><br></li></ul>', '', '', '', '', '', '1_Pabrik_Pakan_Ternak.png', 'jiung', 'Kamis', '2021-06-10', '15:08:22', 'dhawy', 'Sabtu', '2021-09-18', '02:42:23', 0, 'Publish', ''),
(38, 21, 'Peternakan Pembibitan', 'pembibitan', '<ul><li style=\"text-align: justify;\">Breeding Farm yang dikelola secara modern dengan fasilitas kandang closed house dengan teknologi terbaru. Menerapkan sistem pemeliharaan Good Breeding Practice (GBP),  untuk meraih hasil produksi terbaik.<br></li></ul>', '', '', '', '', '', '2_Peternakan_Pembibitan.png', 'jiung', 'Kamis', '2021-06-10', '15:10:12', 'dhawy', 'Sabtu', '2021-09-18', '02:43:52', 0, 'publish', ''),
(39, 21, 'Fasilitas Penetasan', 'penetasan', '<ul><li style=\"text-align: justify;\">Unit usaha Penetasan memiliki fasilitas Cold Storage, Setting Machine, Hatchery Machine, dan menerapkan Good Manufacturing Practice (GMP) untuk menghasilkan produk Day Old Chick  (DOC) kualitas terbaik.<br></li></ul>', '', '', '', '', '', '3_Fasilitas_Penetasan.png', 'jiung', 'Kamis', '2021-06-10', '15:10:25', 'dhawy', 'Sabtu', '2021-09-18', '02:43:53', 0, 'publish', ''),
(40, 21, 'Peternakan Komersial', 'peternakan-komersial', '<ul><li style=\"text-align: justify;\">Fokus pada pemeliharaan Day Old Chick (ayam umur 1 hari) sampai siap panen sebagai  livebird (ayam siap potong).<br></li></ul>', '', '', '', '', '', '4_Peternakan_Komersial.png', 'jiung', 'Kamis', '2021-06-10', '15:11:03', 'dhawy', 'Sabtu', '2021-09-18', '02:43:54', 0, 'publish', ''),
(41, 21, 'Peternakan Layer', 'peternakan-layer', '<ul><li style=\"text-align: justify;\">Memproduksi telur ayam untuk konsumsi.<br></li></ul>', '', '', '', '', '', '5_Peternakan_Layer.png', 'jiung', 'Kamis', '2021-06-10', '15:11:25', 'dhawy', 'Sabtu', '2021-09-18', '02:44:16', 0, 'publish', ''),
(42, 21, 'Rumah Potong Hewan Unggas (RPHU)', 'rumah-potong-hewan-unggas-rphu', '<ul><li style=\"text-align: justify;\">Unit usaha Rumah Potong Hewan Unggas (RPHU) dikelola dengan menerapkan sistem  Good Manufacturing Practice (GMP). Merupakan RPHU terbesar di Indonesia yang telah memiliki sertifikasi Halal MUI & Sertifikasi NKV.<br></li></ul>', '', '', '', '', '', '6_Rumah_Potong_Hewan_Unggas_(RPHU).png', 'jiung', 'Kamis', '2021-06-10', '15:11:59', 'dhawy', 'Sabtu', '2021-09-18', '02:44:24', 0, 'publish', ''),
(43, 21, 'Kemitraan', 'kemitraan', '', '', '', '', '', '', '', 'jiung', 'Kamis', '2021-06-10', '15:12:21', 'jiung', 'Kamis', '2021-06-10', '15:12:56', 0, 'delete', ''),
(44, 22, 'Fasilitas', 'produksi-beras-kemasan', '<ul><li style=\"text-align: justify; \">Rice Mill Tegal Trading Komoditas Bermitra dengan Petani </li><li style=\"text-align: justify;\">Kapasitas 50.000 Ton/Tahun </li><li style=\"text-align: justify;\">Sertifikasi Halal MUI<br></li><li style=\"text-align: justify; \">Warehouse di Slawi - Tegal dan Cileungsi</li></ul>', '', '', '', '', '', '1_Fasilitas_(1).png', 'dhawy', 'Kamis', '2021-06-10', '16:30:53', 'dhawy', 'Sabtu', '2021-09-18', '03:09:52', 0, 'publish', ''),
(45, 22, 'Komoditas', 'trading-komoditas', '<ul><li style=\"text-align: justify; \">Beras </li><li style=\"text-align: justify;\">Kedelai</li><li style=\"text-align: justify;\">Gula</li><li style=\"text-align: justify;\">Jagung</li><li style=\"text-align: justify; \">Gaplek</li><li style=\"text-align: justify;\">Onggok</li><li style=\"text-align: justify;\">Bungkil Kedelai</li><li style=\"text-align: justify;\">Bahan baku pakan lain<br></li></ul>', '', '', '', '', '', '2_Komoditas_(1).png', 'dhawy', 'Kamis', '2021-06-10', '16:31:02', 'dhawy', 'Sabtu', '2021-09-18', '03:09:40', 0, 'publish', ''),
(46, 22, 'Kemitraan dan penanaman Jagung Secara Masif', 'kemitraan-dan-penanaman-jagung-secara-masif', '<ul><li>1.000 Mitra Budidaya Jagung </li><li>500 Mitra Budidaya Padi</li><li> Budidaya Padi dan Jagung<br></li></ul>', '', '', '', '', '', 'jagung.jpg', 'dhawy', 'Kamis', '2021-06-10', '16:31:12', 'dhawy', 'Kamis', '2021-06-10', '17:11:22', 0, 'delete', ''),
(47, 23, 'Konstruksi Untuk Internal', 'konstruksi-untuk-internal', '', '', '', '', '', '', '', 'dhawy', 'Kamis', '2021-06-10', '16:32:06', '', '', '0000-00-00', '00:00:00', 0, 'delete', ''),
(48, 23, 'Energy Terbarukan', 'energy-terbarukan', '<ul><li style=\"text-align: justify;\">PT Langgeng Makmur Perkasa saat ini memfokuskan kepada pengelolaan dan pengembangan energi terbarukan berupa solar panel dan wind power untuk kebutuhan semua lini usaha Widodo Makmur Perkasa Grup.<br></li></ul>', '', '', '', '', '', 'Energy_Terbarukan.png', 'dhawy', 'Kamis', '2021-06-10', '16:32:18', 'dhawy', 'Sabtu', '2021-09-18', '03:12:29', 0, 'publish', '');

-- --------------------------------------------------------

--
-- Table structure for table `bisnis_kategori`
--

CREATE TABLE `bisnis_kategori` (
  `bisnis_kategori_id` int(11) NOT NULL,
  `bisnis_kategori_judul` varchar(220) NOT NULL,
  `bisnis_kategori_judul_seo` varchar(220) NOT NULL,
  `bisnis_kategori_desk` text NOT NULL,
  `bisnis_kategori_keyword` varchar(220) NOT NULL,
  `bisnis_kategori_meta_desk` varchar(200) NOT NULL,
  `bisnis_kategori_desk_eng` text NOT NULL,
  `bisnis_kategori_keyword_eng` varchar(220) NOT NULL,
  `bisnis_kategori_meta_desk_eng` varchar(220) NOT NULL,
  `bisnis_kategori_gambar` text NOT NULL,
  `bisnis_kategori_gambar_sub` text NOT NULL,
  `bisnis_kategori_gambar_icon` text NOT NULL,
  `bisnis_kategori_gambar_flip` varchar(200) NOT NULL,
  `bisnis_kategori_post_oleh` varchar(200) NOT NULL,
  `bisnis_kategori_post_hari` varchar(20) NOT NULL,
  `bisnis_kategori_post_tanggal` date NOT NULL,
  `bisnis_kategori_post_jam` time NOT NULL,
  `bisnis_kategori_update_oleh` varchar(200) NOT NULL,
  `bisnis_kategori_update_hari` varchar(20) NOT NULL,
  `bisnis_kategori_update_tanggal` date NOT NULL,
  `bisnis_kategori_update_jam` time NOT NULL,
  `bisnis_kategori_dibaca` int(50) NOT NULL,
  `bisnis_kategori_status` varchar(20) NOT NULL
) ENGINE=InnoDB DEFAULT CHARSET=latin1;

--
-- Dumping data for table `bisnis_kategori`
--

INSERT INTO `bisnis_kategori` (`bisnis_kategori_id`, `bisnis_kategori_judul`, `bisnis_kategori_judul_seo`, `bisnis_kategori_desk`, `bisnis_kategori_keyword`, `bisnis_kategori_meta_desk`, `bisnis_kategori_desk_eng`, `bisnis_kategori_keyword_eng`, `bisnis_kategori_meta_desk_eng`, `bisnis_kategori_gambar`, `bisnis_kategori_gambar_sub`, `bisnis_kategori_gambar_icon`, `bisnis_kategori_gambar_flip`, `bisnis_kategori_post_oleh`, `bisnis_kategori_post_hari`, `bisnis_kategori_post_tanggal`, `bisnis_kategori_post_jam`, `bisnis_kategori_update_oleh`, `bisnis_kategori_update_hari`, `bisnis_kategori_update_tanggal`, `bisnis_kategori_update_jam`, `bisnis_kategori_dibaca`, `bisnis_kategori_status`) VALUES
(19, 'Cattle Livestock', 'cattle-livestock', '<p class=\"MsoNormal\" style=\"text-align: justify;\">Integrated Livestock, breeding, feedmill, waste management organic fertilizer merupakan fasilitas farm terbesar di Indonesia.<br></p>', 'Integrated Livestock', 'Integrated Livestock, bergerak di bidang peternakan sapi terintegrasi dimana bidang fattening, breeding, feedmill production, waste management termasuk organic fertilizer berada dalam satu lokasi berk', '', '', '', 'lini_bisnis_revisi.png', 'Sub_Livestock.png', 'LIVESTOCK.png', 'Livestock23.png', 'panji', 'Senin', '2021-04-26', '15:10:12', 'dhawy', 'Sabtu', '2021-09-18', '08:15:49', 3, 'publish'),
(20, 'Meat Processing', 'meat-processing', '<p style=\"text-align: justify;\">Meat Processing dengan rangkaian bisnis rumah potong hewan (modern abattoir),  produk olahan (food processing), dan pabrik kulit (tannery).  PT Cianjur Arta Makmur juga menyediakan produk daging dengan spesifikasi khusus (custom) sesuai kebutuhan pelanggan.<br></p>', 'Meat Processing', 'Meat Processing terdiri dari rangkaian bisnis Rumah Potong Hewan (Modern Abattoir) terbesar di Indonesia,  Produk olahan (Food Processing), dan Pabrik Kulit (Tannery). .  Dilengkapi sertifikasi NKV da', '', '', '', 'lini_bisnis_meet.png', 'Sub_Meat_Processing.png', 'MEAT-PROCESSING.png', '2.MeatProcessing.png', 'panji', 'Senin', '2021-04-26', '15:10:43', 'dhawy', 'Sabtu', '2021-09-18', '08:17:27', 2, 'publish'),
(21, 'Poultry', 'poultry', '<p style=\"text-align: justify;\">Integrated Poultry meliputi  Divisi Pembibitan  Grand Parent Stock  (Breeding GPS), Pembibitan  Parent Stock (Breeding PS), Divisi Penetasan (Hatchery), Budidaya Ayam Broiler (Commercial Broiler Farm),  Budidaya Ayam Petelur Premium (Layer Farm), Rumah Potong Hewan Unggas (Abattoir).</p>', 'Integrated Poultry', 'Integrated Poultry bergerak di bidang peternakan ayam terintegrasi meliputi  Divisi Pembibitan  Grand Parent Stock  (Breeding GPS) dan Pembibitan  Parent Stock (Breeding PS), Divisi Penetasan (Hatcher', '', '', '', 'Foto_Untuk_Header_2_Lini_Bisnis_Poultry.png', 'Sub_Poultry.png', 'POULTRY.png', 'FlipPoultryv2.png', 'panji', 'Senin', '2021-04-26', '15:11:13', 'dhawy', 'Sabtu', '2021-09-18', '03:30:24', 2, 'publish'),
(22, 'Commodity', 'commodity', '<p style=\"text-align: justify;\">Commodity memproduksi beras kemasan untuk pasar domestik, pasar modern dan memasok horeka melalui produk-produk beras premium dan menengah dalam berbagai varian ukuran dan brand. PT Widodofood Makmur Sejahtera sebagai representasi commodity juga mengembangkan bisnis komoditi beras, jagung, gula, kedelai dan bahan pakan ternak terutama ayam dan sapi.<br></p>', 'Commodity', 'Food & Commodity memproduksi beras kemasan untuk pasar domestik, pasar modern dan menyuplai horeka melalui produk-produk beras premium dan menengah dalam berbagai varian ukuran dan brand. ', '', '', '', 'Foto_header_2_lini_bisnis_commodity1.png', 'Sub_Commodity.png', 'COMMODITY.png', 'flipcommodityv2.png', 'panji', 'Senin', '2021-04-26', '15:11:41', 'dhawy', 'Sabtu', '2021-09-18', '03:30:50', 2, 'publish'),
(23, 'Construction & Energy', 'construction--energy', '<p style=\"text-align: justify;\">Sebagai kontraktor pelaksana seluruh proyek-proyek di internal Widodo Makmur Grup. Mulai merintis program energi terbarukan melalui fasilitas solar panel dan kincir angin sebagai sumber energi di berbagai fasilitas produksi milik Widodo Makmur Group.<br></p>', 'Construction & Energy', 'Construction & Energy beroperasi sebagai pelaksana seluruh proyek-proyek internal Widodo Makmur dari berbagai lini bisnis terutama Poultry yang sedang membangun investas dalam jumlah besar .  ', '<p><br></p>', '', '', 'foto_header_2_lini_bisnis_construction_Energy_2.png', 'Subconstruction.png', 'CONSTRUCTION.png', 'FlipConstructionv1.png', 'panji', 'Senin', '2021-04-26', '15:12:11', 'dhawy', 'Rabu', '2021-09-29', '13:33:04', 2, 'publish');

-- --------------------------------------------------------

--
-- Table structure for table `blogs`
--

CREATE TABLE `blogs` (
  `blogs_id` int(11) NOT NULL,
  `blogs_judul` varchar(220) NOT NULL,
  `blogs_judul_seo` varchar(220) NOT NULL,
  `blogs_kategori_id` int(11) NOT NULL,
  `blogs_desk` text NOT NULL,
  `blogs_keyword` varchar(220) NOT NULL,
  `blogs_meta_desk` varchar(200) NOT NULL,
  `blogs_judul_eng` varchar(220) NOT NULL,
  `blogs_judul_seo_eng` varchar(220) NOT NULL,
  `blogs_desk_eng` text NOT NULL,
  `blogs_meta_desk_eng` varchar(220) NOT NULL,
  `blogs_gambar` text NOT NULL,
  `blogs_post_oleh` varchar(200) NOT NULL,
  `blogs_post_hari` varchar(20) NOT NULL,
  `blogs_post_tanggal` date NOT NULL,
  `blogs_post_jam` time NOT NULL,
  `blogs_update_oleh` varchar(200) NOT NULL,
  `blogs_update_hari` varchar(20) NOT NULL,
  `blogs_update_tanggal` date NOT NULL,
  `blogs_update_jam` time NOT NULL,
  `blogs_dibaca` int(50) NOT NULL,
  `blogs_status` varchar(20) NOT NULL
) ENGINE=InnoDB DEFAULT CHARSET=latin1;

--
-- Dumping data for table `blogs`
--

INSERT INTO `blogs` (`blogs_id`, `blogs_judul`, `blogs_judul_seo`, `blogs_kategori_id`, `blogs_desk`, `blogs_keyword`, `blogs_meta_desk`, `blogs_judul_eng`, `blogs_judul_seo_eng`, `blogs_desk_eng`, `blogs_meta_desk_eng`, `blogs_gambar`, `blogs_post_oleh`, `blogs_post_hari`, `blogs_post_tanggal`, `blogs_post_jam`, `blogs_update_oleh`, `blogs_update_hari`, `blogs_update_tanggal`, `blogs_update_jam`, `blogs_dibaca`, `blogs_status`) VALUES
(11, 'Donor Darah Di Kantor Pusat Widodo Makmur Perkasa', 'donor-darah-di-kantor-pusat-widodo-makmur-perkasa', 1, '<p style=\"margin-right: 0px; margin-bottom: 20px; margin-left: 0px; font-family: Arial, Helvetica, sans-serif; text-align: justify;\">Donor darah adalah sebuah kegiatan mulia, yang bertujuan untuk membantu sesama. Telah menjadi tradisi bagi Widodo Makmur Perkasa untuk memngadakan acara donor darah secara berkala. Bekerjasama dengan PMI jakarta Timur pada tanggal 25 Maret 2019 pukul 09.00-11.00 WIB telah dilaksanakan acara donor darah yang dilaksanakan di Kantor Pusat Widodo Makmur Perkasa di Graha Widodo Makmur Jl. Raya Cilangkap no 58, Cipayung, Jakarta Timur. Adapun acara ini diikuti oleh 80 orang peserta dari level Direksi hingga supporting level. Namun dari pemeriksaan pendahuluan, akhirnya 48 oranglah yang diijinkan untuk mendonorkan darahnya.</p><p style=\"margin-right: 0px; margin-bottom: 20px; margin-left: 0px; font-family: Arial, Helvetica, sans-serif; text-align: justify;\">Beberapa pertimbangan seseorang diijinkan untuk mendonorkan darahnya adalah;</p><ol style=\"margin-bottom: 10px; font-family: Arial, Helvetica, sans-serif; text-align: justify;\"><li>Tubuh dalam kondisi fit,</li><li>Tidak mengidap penyakit menular seperti AIDS, Hepatitis, Malaria</li><li>Tidak sedang mengkonsumsi obat-obatan seperti obat pengencer darah,</li><li>Tidak sedang menstruasi, hamil atau menyusui,</li><li>Tidak dalam kondisi darah rendah, berat badan di bawah normal,</li><li>Tidak dalam kondisi kurang tidur (begadang)</li></ol>', 'acara donor darah,donor darah,widodo makmur perkasa', 'Donor darah adalah sebuah kegiatan mulia, yang bertujuan untuk membantu sesama.', '', '', '', '', 'Backdrop-Donor-Darah-cetak-01-EDIT1.jpg', 'dhawy', 'Rabu', '2021-04-21', '15:15:01', 'dhawy', 'Rabu', '2021-04-21', '15:45:58', 35, 'publish'),
(12, 'JOSO Sebagai Juara 1 Jakarta Architecture Installation Festival (JAIF) 2019', 'joso-sebagai-juara-1-jakarta-architecture-installation-festival-jaif-2019', 1, '<p style=\"margin-right: 0px; margin-bottom: 20px; margin-left: 0px; font-family: Arial, Helvetica, sans-serif; text-align: justify;\">JOSO sebagai salah satu anak perusahaan di lini bisnis Properti, bergerak di bidang jasa konsultan arsitektur. Telah memenangkan berbagai kompetisi arsitektur tingkat nasional & dipercaya menangani berbagai proyek arsitektur dari pemerintah, BUMN, maupun pihak swasta.</p><p style=\"margin-right: 0px; margin-bottom: 20px; margin-left: 0px; font-family: Arial, Helvetica, sans-serif; text-align: justify;\">Pada acara Jakarta Architecture Installation Festival (JAIF) 2019, salah satu karya JOSO yang berjudul ‘konkavitas’ terpilih sebagai Juara 1 pilihan pengunjung. Selamat kepada JOSO & teruslah ciptakan karya-karya terbaik ke depannya!</p>', 'arsitekindonesia,joso,jaif2019,widodomakmurperkasa', 'JOSO sebagai salah satu anak perusahaan di lini bisnis Properti, bergerak di bidang jasa konsultan arsitektur. ', '', '', '', '', 'joso-jaif-EDIT.jpg', 'dhawy', 'Rabu', '2021-04-21', '15:51:12', 'dhawy', 'Rabu', '2021-04-21', '15:51:25', 34, 'publish'),
(15, 'Santunan Anak Yatim Memperingati HUT PT Widodo Makmur Perkasa Group Yang Ke-20', 'santunan-anak-yatim-memperingati-hut-pt-widodo-makmur-perkasa-group-yang-ke20', 1, '<p style=\"margin-right: 0px; margin-bottom: 20px; margin-left: 0px; font-family: Arial, Helvetica, sans-serif; text-align: justify;\">PT Widodo Makmur Perkasa merayakan Hari Ulang Tahun ke-20 pada tanggal 19 September 2019 dengan mengadakan rangkaian kegiatan peringatan berupa tasyakuran bersama seluruh keluarga besar PT Widodo Makmur Perkasa Group pada tanggal 19 September 2019 pukul 09.00-12.00 WIB di Kantor Pusat Widodo Makmur Perkasa (Graha Widodo Makmur) Jl. Raya Cilangkap no 58, Cipayung, Jakarta Timur.</p><p style=\"margin-right: 0px; margin-bottom: 20px; margin-left: 0px; font-family: Arial, Helvetica, sans-serif; text-align: justify;\">Santunan pada 100 anak yatim berupa dana &amp; perlengkapan sekolah dari wilayah sekitar kantor pusat dan acara donor darah yang diikuti oleh 80 orang karyawan yang berada di kantor pusat. Bekerjasama dengan PMI Jakarta Timur telah terkumpul 40 kantong darah yang disumbangkan bagi masyarakat yang membutuhkan. WMP telah berkomitmen untuk melaksanakan kegiatan donor darah minimal 2 kali dalam setahun sebagai wujud kepedulian sosial.</p>', 'csr,santunan anak yatim,HUT WMP', 'santunan anak yatim, csr', '', '', '', '', 'Berita_3.jpg', 'panji', 'Rabu', '2021-04-28', '10:51:30', '', '', '0000-00-00', '00:00:00', 24, 'publish'),
(16, 'Rapat Kerja PT Widodo Makmur Perkasa Tahun 2020 Di JOGLO TUMIYONO (Kesatriaan Entrepreneur Indonesia) Ngerangan, Bayat, Klaten', 'rapat-kerja-pt-widodo-makmur-perkasa-tahun-2020-di-joglo-tumiyono-kesatriaan-entrepreneur-indonesia-ngerangan-bayat-klaten', 1, '<div class=\"entry-content\" style=\"border: 0px none; margin: 0px; outline: none 0px; padding: 0px; font-family: Arial, Helvetica, sans-serif; text-align: justify;\"><p style=\"margin-right: 0px; margin-bottom: 20px; margin-left: 0px;\">Pada Sabtu 18 Januari 2020 PT Widodo Makmur Perkasa melakukan Rapat Kerja dan Koordinasi dengan seluruh elemen perusahaan baik dari Holding maupun subsidiaries yang diikuti seluruh managemen setingkat manager ke atas serta menyertakan rekrutmen baru agar bersosialisasi dengan seluruh jajaran WMP Group.</p><p style=\"margin-right: 0px; margin-bottom: 20px; margin-left: 0px;\">Rapat Kerja WMP tahun 2020 dilaksankan di Joglo Tumiyono, yang berada Ngerangan, Bayat, kabupaten Klaten, Jawa Tengah. Para partisipan sebanyak 300 orang antusias hadir tepat waktu untuk mengikuti jalannya Rapat Kerja yang dipimpin oleh Bapak Tedy M. Subekti selaku Wakil Direktur Utama WMP yang bertindak sebagai peminpin sidang.</p><p style=\"margin-right: 0px; margin-bottom: 20px; margin-left: 0px;\">Rapat dibuka dengan sambutan dari Bapak Raden Marlan selaku Direktur Utama WMP yang menyisipkan harapan agar Rapat Kerja menjadi jembatan pertama dalam merealisasikan Proyeksi agar terwujud dalam kinerja perusahaan satu tahun mendatang serta menggarisbawahi pentingnya koordinasi, komunikasi dan konsolidasi seluruh elemen perusahaan agar satu tujuan mewujudkan visi perusahaan sebagai penyedia Pangan dan Papan Terbesar di Asia Tenggara.</p><p style=\"margin-right: 0px; margin-bottom: 20px; margin-left: 0px;\">Founder WMP yang turut hadir dalam rapat kerja dalam pidato inspiratifnya mengajak seluruh elemen perusahaan agar siap menghadapi persaingan di era 4.0 yang kompetitif dan menuntut kecepatan, keefektifan dan inovasi dalam memproduksi produk-produk unggulan. Juga mengajak seluruh elemen perusahaan untuk membuka diri terhadap tatanan ekonomi baru, selalu haus untuk belajar dan siap menghadapi era disruption dimana perusahaan harus selalu update terhadap perkembangan jaman.</p><p style=\"margin-right: 0px; margin-bottom: 20px; margin-left: 0px;\">Pada acara Raker kali ini juga diadakan penyerahan SK pada sosok-sosok muda yang dipercaya akan menjadi lokomotif pertumbuhan dan peningkatan kinerja di WMP  Group khususnya di bidang marketing dan keuangan.</p><p style=\"margin-right: 0px; margin-bottom: 20px; margin-left: 0px;\">Raker yang dilaksankan hingga pukul 16.00 WIB berlangsung tertib dan lancar sesuai agenda yang telah ditetapkan. Setelah Raker diadakan acara ramah tamah dan malam keakraban antara <em style=\"border: 0px none; margin: 0px; outline: none 0px; padding: 0px;\">founder</em>, jajaran komisaris, jajaran direksi dan seluruh elemen perusahaan agar makin tercipta synergy yang berdampak positif pada perusahaan.</p><p style=\"margin-right: 0px; margin-bottom: 20px; margin-left: 0px;\">GO…….. SYNERGY ……………. BE THE WINNER……. !</p></div><footer class=\"entry-meta\" style=\"border-top: 1px solid rgb(244, 244, 244); border-bottom: 1px solid rgb(244, 244, 244); padding: 28px 0px 22px; font-family: Arial, Helvetica, sans-serif; text-align: justify;\"><div class=\"row\" style=\"border: 0px none; margin: 0px -15px; outline: none 0px; padding: 0px;\"></div></footer>', 'RAKOR,RAKER,JOGLO TUMIYONO', 'RAKOR TAHUNAN WMP', '', '', '', '', 'Berita_4.jpg', 'panji', 'Rabu', '2021-04-28', '10:53:38', 'panji', 'Rabu', '2021-04-28', '10:54:15', 39, 'Publish'),
(17, 'JOSO 1st Winner Sayembara Gedung Pusat Bank Aceh Syariah', 'joso-1st-winner-sayembara-gedung-pusat-bank-aceh-syariah', 1, '<div class=\"entry-content\" style=\"border: 0px none; margin: 0px; outline: none 0px; padding: 0px; font-family: Arial, Helvetica, sans-serif; text-align: justify;\"><p style=\"margin-right: 0px; margin-bottom: 20px; margin-left: 0px;\">JOSO yang dimotori oleh para anak muda yang cerdas, beridealisme tingggi dan peduli pada issue-issue yang terkait dengan pelestarian lingkungan hidup dalam rancangannya. Selain memasukkan nilai-nilai kearifan lokal agar bangunan yang dirancang lebih bernafas Indonesia. Wawasan yang luas, semangat untuk terus belajar dan cita-cita untuk menjadikan JOSO sebagai salah satu konsultan arsitek terdepan di Indonesia.</p><p style=\"margin-right: 0px; margin-bottom: 20px; margin-left: 0px;\">Pada acara Sayembara Gedung Pusat Bank Aceh Syariah, salah satu karya JOSO yang berjudul Seulanga Timoh “Bunga Kenanga Yang Tumbuh” terpilih sebagai Juara 1. Kompetisi ini diikuti oleh 100 peserta dari seluruh Indonesia dan berasal dari biro-biro arsitek ternama. Penyerahan hadiah pada Jumat, 14 Februari 2020 di Hotel Hermes, Banda Aceh. Diserahkan langsung oleh Gubernur Aceh Bapak Nova Iriansyah.</p><p style=\"margin-right: 0px; margin-bottom: 20px; margin-left: 0px;\">Bunga Kenanga merupakan identitas masyarakat Aceh &amp; Icon Corporate Bank Syariah Aceh. Gedung “Kenanga yang tumbuh” merepresentasikan tumbuh berkembangnya Bank syariah Aceh yang akan mengiringi tumbuh kembangnya perekonomian &amp; kesejahteraan masyarakat Aceh. Gedung ini menjadi landmark yang harum &amp; mengharumkan Aceh di mata dunia, selayaknya bunga Kenanga.</p><p style=\"margin-right: 0px; margin-bottom: 20px; margin-left: 0px;\">Identitas kultur &amp; value korporasi disatupadukan sebagai konsep utama dalam desain gedung ini. Metafora dari bentuk tumpukan uang menjadi identitas korporasi bank sebagai wadah penyimpan uang. Dua massa yang bergerak tumbuh vertikal melambangkan pergerakan tumbuh bersama antara masyarakat &amp; korporasi Bank dalam mencapai tujuan kemakmuran bersama. Rencong sebagai simbol identitas lokal, keberanian, &amp; ketangguhan masyarakat Aceh menjadi dasar imajiner bentuk massa bangunan. Pemilihan pattern dari motif geometris puncak hiasan tulak angen &amp; motif kindang di rumah tradisional Aceh menjadi penguat &amp; pengikat bangunan dalam tampilan konteks lokal.</p><p style=\"margin-right: 0px; margin-bottom: 20px; margin-left: 0px;\">Kompetisi ini diikuti oleh 100 peserta dari seluruh Indonesia dan berasal dari biro-biro arsitek ternama. Penyerahan hadiah pada Jumat, 14 Februari 2020 di Hotel Hermes, Banda Aceh. Diserahkan langsung oleh Gubernur Aceh Bapak Nova Iriansyah.</p></div><footer class=\"entry-meta\" style=\"border-top: 1px solid rgb(244, 244, 244); border-bottom: 1px solid rgb(244, 244, 244); padding: 28px 0px 22px; font-family: Arial, Helvetica, sans-serif; text-align: justify;\"><div class=\"row\" style=\"border: 0px none; margin: 0px -15px; outline: none 0px; padding: 0px;\"></div></footer>', 'JOSO,1st Winner Sayembara,Gedung Pusat Bank Aceh Syariah', 'JOSO 1st Winner Sayembara Gedung Pusat Bank Aceh Syariah', '', '', '', '', 'Berita_5.jpg', 'panji', 'Rabu', '2021-04-28', '10:57:27', '', '', '0000-00-00', '00:00:00', 47, 'publish'),
(18, 'PT Widodo Makmur Unggas Mendukung Pencegahan Covid-19 Di Kabupaten Klaten', 'pt-widodo-makmur-unggas-mendukung-pencegahan-covid19-di-kabupaten-klaten', 1, '<p style=\"margin-right: 0px; margin-bottom: 20px; margin-left: 0px; font-family: Arial, Helvetica, sans-serif; text-align: justify;\">PT Widodo Makmur Unggas (WMU) ikut peduli terhadap wabah Covid-19. Sebagai bentuk kepedulian, pada tanggal 10 April 2020 WMU menyerahkan 500 liter disinfektan kepada Dinas Kesehatan (Dinkes) Klaten.</p><p style=\"margin-right: 0px; margin-bottom: 20px; margin-left: 0px; font-family: Arial, Helvetica, sans-serif; text-align: justify;\">Secara simbolis penyerahan dilakukan Pimpinan Human Capital Development (HCD) PT Widodo Makmur Unggas, Alfian Dukhan yang diterima Kepala Bidang Kesehatan Masyarakat Dinkes Klaten, drg Em Tuti Nurharyanti. Pimpinan HCD PT Widodo Makmur Unggas, Alfian Dukhan menyampaikan, bantuan disinfektan sebanyak 500 liter berasal dari dana Corporate Social Responsibility PT Widodo Makmur Unggas.</p><p style=\"margin-right: 0px; margin-bottom: 20px; margin-left: 0px; font-family: Arial, Helvetica, sans-serif; text-align: justify;\">Bantuan disinfektan dari PT Widodo Makmur Unggas akan didistribusikan ke rumah sakit dan puskesmas. Dinkes Klaten akan koordinasi dengan petugas lapangan untuk penyemprotan disinfektan ke tempat umum.</p>', 'covid-19,CSR', 'Pencegahan Covid-19 Di Kabupaten Klaten', '', '', '', '', 'Berita_6.jpg', 'panji', 'Rabu', '2021-04-28', '11:00:19', '', '', '0000-00-00', '00:00:00', 31, 'publish'),
(19, 'PT Widodo Makmur Unggas Memberikan Bantuan Telur Di Beberapa Wilayah Kabupaten Gunungkidul', 'pt-widodo-makmur-unggas-memberikan-bantuan-telur-di-beberapa-wilayah-kabupaten-gunungkidul', 1, '<p style=\"margin-right: 0px; margin-bottom: 20px; margin-left: 0px; font-family: Arial, Helvetica, sans-serif; text-align: justify;\">PT Widodo Makmur Unggas (WMU) melalui program tanggung jawab sosial atau Corporate Social Responsibility (CSR), pada tanggal 17 April 2020 WMU memberikan bantuan telur ke beberapa instansi atau beberapa titik di Kabupaten Gunungkidul.</p><p style=\"margin-right: 0px; margin-bottom: 20px; margin-left: 0px; font-family: Arial, Helvetica, sans-serif; text-align: justify;\">Penyerahan bantuan CSR dilakukan perwakilan PT Widodo Makmur Unggas (WMU), Sugeng Riyanto yang diterima Kepala Desa Pacarejo, Suhadi. Pemberian bantuan berupa telur ke beberapa instansi seperti Dinas Pertanian dan Pangan Kabupaten Gunungkidul, Polres Gunungkidul, RSUD Gunungkidul, Kantor Desa Pacarejo, Panti Asuhan dan lain-lain.</p><p style=\"margin-right: 0px; margin-bottom: 20px; margin-left: 0px; font-family: Arial, Helvetica, sans-serif; text-align: justify;\">Program bantuan CSR telur ini bertujuan untuk memberikan&nbsp;<em style=\"border: 0px none; margin: 0px; outline: none 0px; padding: 0px;\">extra nutrition</em>&nbsp;kepada warga yang dianggap membutuhkan, petugas medis dan seluruh pihak yang membantu dalam penanganan terhadap pasien Covid-19.</p>', 'bantuan telur,CSR', ' Bantuan Telur Di Beberapa Wilayah Kabupaten Gunungkidul', '', '', '', '', 'Berita_7.jpg', 'panji', 'Rabu', '2021-04-28', '11:03:57', '', '', '0000-00-00', '00:00:00', 25, 'Publish'),
(20, 'Siapkan IPO, Widodo Makmur Group Gandeng Fuji Bangun Pabrik Pakan Rp 650 Miliar', 'siapkan-ipo-widodo-makmur-group-gandeng-fuji-bangun-pabrik-pakan-rp-650-miliar', 1, '<p style=\"margin-right: 0px; margin-bottom: 20px; margin-left: 0px; font-family: Arial, Helvetica, sans-serif; text-align: justify;\">Anak usaha Widodo Makmur Perkasa Group, PT Widodo Makmur Unggas (WMU), Rabu (8/7), menandatangani nota kerja sama dan surat perintah kerja dengan afiliasi Fuji Electric Group asal Jepang. Kedua perusahaan sepakat membangun pabrik pakan di Ngawi, Jawa Timur, senilai Rp 650 miliar.</p><p style=\"margin-right: 0px; margin-bottom: 20px; margin-left: 0px; font-family: Arial, Helvetica, sans-serif; text-align: justify;\">Nota kerja sama dan surat perintah kerja itu diteken oleh CEO PT Widodo Makmur Unggas Ali Masadi dan perwakilan afiliasi Fuji Electric Group. Pembangunan pabrik tersebut direncanakan memakan waktu selama 1,5 tahun. Pabrik ini akan berdiri di atas lahan seluas 12 hektare dengan kapasitas 140 ton per jam.</p><p style=\"margin-right: 0px; margin-bottom: 20px; margin-left: 0px; font-family: Arial, Helvetica, sans-serif; text-align: justify;\">“Kami menargetkan pembangunan tahap pertama akan selesai pada 2021,” ujar Founder Widodo Makmur Perkasa Group, Tumiyana, Rabu (8/7). Dia mengatakan, pembangunan pabrik tersebut untuk memenuhi kebutuhan pakan unggas perusahaan yang mencapai 50.000 ton per bulan. Mereka ingin melepas ketergantungan dengan pihak lain.</p><p style=\"margin-right: 0px; margin-bottom: 20px; margin-left: 0px; font-family: Arial, Helvetica, sans-serif; text-align: justify;\">Lebih lanjut, Tumiyana mengatakan pembangunan pabrik tersebut turut berkontribusi pada penyerapan tenaga kerja di tanah air, khususnya di Ngawi, Jawa Timur.</p><p style=\"margin-right: 0px; margin-bottom: 20px; margin-left: 0px; font-family: Arial, Helvetica, sans-serif; text-align: justify;\">PT Widodo Makmur Unggas adalah perusahaan yang bergerak di bidang peternakan ayam terpadu. Saat ini, perusahaan yang berbasis di Jakarta itu memiliki delapan lokasi peternakan yang tersebar di seluruh pulau Jawa.</p>', 'IPO', '', '', '', '', '', 'Berita_8.jpg', 'panji', 'Rabu', '2021-04-28', '11:05:44', '', '', '0000-00-00', '00:00:00', 46, 'publish'),
(21, 'Investasi RP 650 Miliar, Widodo Makmur Unggas Groundbreaking Pabrik Pakan Ayam Di Ngawi', 'investasi-rp-650-miliar-widodo-makmur-unggas-groundbreaking-pabrik-pakan-ayam-di-ngawi', 1, '<p style=\"margin-right: 0px; margin-bottom: 20px; margin-left: 0px; font-family: Arial, Helvetica, sans-serif; text-align: justify;\">PT Widodo Makmur Unggas (WMU) mulai melakukan pekerjaan konstruksi pembangunan pabrik pakan ayam yang berlokasi di Kecamatan Widodaren, Ngawi, Jawa Timur.</p><p style=\"margin-right: 0px; margin-bottom: 20px; margin-left: 0px; font-family: Arial, Helvetica, sans-serif; text-align: justify;\">Pembangunan pabrik seluas 12,7 hektar (ha) ini merupakan tindak lanjut dari nota kerjasama yang dilakukan sebelumnya dengan Fuji Electric Group asal Jepang.</p><p style=\"margin-right: 0px; margin-bottom: 20px; margin-left: 0px; font-family: Arial, Helvetica, sans-serif; text-align: justify;\">Acara&nbsp;<em style=\"border: 0px none; margin: 0px; outline: none 0px; padding: 0px;\">groundbreaking</em>&nbsp;atau peletakan batu pertama pembangunan pabrik pakan ayam dilakukan pada Rabu 19 Agustus 2020.</p><p style=\"margin-right: 0px; margin-bottom: 20px; margin-left: 0px; font-family: Arial, Helvetica, sans-serif; text-align: justify;\">Bagi WMU, pembangunan pabrik pakan bertujuan untuk memastikan pemenuhan kebutuhan pakan unggas WMU tetap terjaga kualitas dan konsistensinya. Pabrik tersebut juga diharapkan berkontribusi pada penyerapan tenaga kerja, terutama di wilayah Ngawi.</p><p style=\"margin-right: 0px; margin-bottom: 20px; margin-left: 0px; font-family: Arial, Helvetica, sans-serif; text-align: justify;\">Diberitakan sebelumnya, WMU yang diwakili oleh Direktur Utama, Ali Mas’adi, menandatangani nota kerja sama dan Surat Perintah Kerja (SPK) dengan afiliasi Fuji Electric Group untuk membangun pabrik pakan di Ngawi senilai Rp 650 miliar. “Pabrik dijadwalkan beroperasi pada 2021”, ujar Ali Mas’adi.</p><p style=\"margin-right: 0px; margin-bottom: 20px; margin-left: 0px; font-family: Arial, Helvetica, sans-serif; text-align: justify;\">WMU merupakan anak perusahaan Widodo Makmur Perkasa yang bergerak di bidang peternakan ayam terintegrasi vertikal. “Dengan nilai-nilai integritas, professional, loyalitas, sinergi dan kolaborasi, saat ini, kami memiliki beberapa lokasi peternakan dan fasilitas lain yang tersebar di Pulau Jawa”, tambah Ali Mas’adi.</p><p style=\"margin-right: 0px; margin-bottom: 20px; margin-left: 0px; font-family: Arial, Helvetica, sans-serif; text-align: justify;\">Divisi-divisi WMU meliputi bisnis pakan, peternakan komersial, penetasan dan rumah potong ayam. Divisi hatchery menerapkan good manufacturing practice (GMP), sehingga menghasilkan produk Day Old Chick (DOC) yang berkualitas.</p><p style=\"margin-right: 0px; margin-bottom: 20px; margin-left: 0px; font-family: Arial, Helvetica, sans-serif; text-align: justify;\">Sementara itu, Divisi Peternakan yang dilakukan di beberapa lokasi commercial farm, dengan menerapkan Good Farming Practice (GFP). Divisi Usaha&nbsp;<em style=\"border: 0px none; margin: 0px; outline: none 0px; padding: 0px;\">slaughter house</em>&nbsp;atau Rumah Potong Ayam (RPA) dikelola dengan menerapkan sistem Good Manufacturing Practice (GMP), “RPA WMU kami akan menjadi RPA terbesar di Indonesia”, pungkas Ali.</p><p style=\"margin-right: 0px; margin-bottom: 20px; margin-left: 0px; font-family: Arial, Helvetica, sans-serif; text-align: justify;\">Divisi Feedmill WMU, memproduksi pakan ayam berkualitas tinggi. Feedmill WMU memasok kebutuhan pakan internal, kemitraan, dan pihak eksternal. “Ini semua dilakukan untuk bisa mendukung dalam misi melayani kebutuhan masyarakat Indonesia terhadap daging ayam yang berkualitas dan terjangkau”, tutup Ali</p>', 'IPO,Ground Breaking', '', '', '', '', '', 'Berita_91.png', 'panji', 'Rabu', '2021-04-28', '11:12:03', '', '', '0000-00-00', '00:00:00', 53, 'publish'),
(22, 'Peresmian Hatchery Dan Breeding Farm Widodo Makmur Unggas Di Tonggor, DIY', 'peresmian-hatchery-dan-breeding-farm-widodo-makmur-unggas-di-tonggor-diy', 1, '<p style=\"margin-right: 0px; margin-bottom: 20px; margin-left: 0px; font-family: Arial, Helvetica, sans-serif; text-align: justify;\">Peresmian Hatchery dan Breeding Farm Widodo Makmur Unggas di Tonggor, DIY</p><p style=\"margin-right: 0px; margin-bottom: 20px; margin-left: 0px; font-family: Arial, Helvetica, sans-serif; text-align: justify;\">Yogyakarta, 25 Agustus 2020 – Gubernur Daerah Istimewa Yogyakarta (DIY) Sri Sultan Hamengkubuwono X yang diwakili oleh wakil Gubernur Sri Pakualan X meresmikan kantor PT Widodo Makmur Unggas (WMU) di Tonggor, Gunungkidul, DIY, Selasa (25/8). Kegiatan itu sekaligus meresmikan Hatchery dan Broiler Breeding Farm milik WMU.</p><p style=\"margin-right: 0px; margin-bottom: 20px; margin-left: 0px; font-family: Arial, Helvetica, sans-serif; text-align: justify;\">Peresmian ditandai dengan penandatanganan prasasti oleh Gubernur DIY, yang didampingi oleh Direktur Utama WMU Ali Mas’adi dan Founder PT Widodo Makmur Perkasa (WMP), sebagai induk usaha WMU sebuah perusahaan peternakan ayam yang terintegrasi.</p><p style=\"margin-right: 0px; margin-bottom: 20px; margin-left: 0px; font-family: Arial, Helvetica, sans-serif; text-align: justify;\">Tempat penetasan atau hatchery milik WMU di Gunungkidul kini berkapasitas 2 juta telur per bulan.</p><p style=\"margin-right: 0px; margin-bottom: 20px; margin-left: 0px; font-family: Arial, Helvetica, sans-serif; text-align: justify;\">“Salah satu tujuan dari peresmian&nbsp;<em style=\"border: 0px none; margin: 0px; outline: none 0px; padding: 0px;\">hatchery</em>&nbsp;dan&nbsp;<em style=\"border: 0px none; margin: 0px; outline: none 0px; padding: 0px;\">breeding farm</em>&nbsp;untuk mendukung program ketahanan pangan yang dicanangkan oleh Pemerintah Provinsi DIY dan memberikan kontribusi terhadap kesejahteraan masyarakat Yogyakarta,” kata Direktur Utama WMU, Ali Mas’adi.</p><p style=\"margin-right: 0px; margin-bottom: 20px; margin-left: 0px; font-family: Arial, Helvetica, sans-serif; text-align: justify;\">Untuk breeding farm, WMU menyediakan bibit ayam berkualitas, hasil dari&nbsp;<em style=\"border: 0px none; margin: 0px; outline: none 0px; padding: 0px;\">Breeding Farm</em>&nbsp;yang dikelola secara modern, dengan fasilitas kandang&nbsp;<em style=\"border: 0px none; margin: 0px; outline: none 0px; padding: 0px;\">closed house</em>&nbsp;dan teknologi terbaru.</p><p style=\"margin-right: 0px; margin-bottom: 20px; margin-left: 0px; font-family: Arial, Helvetica, sans-serif; text-align: justify;\">Fasilitas yang menerapkan sistem pemeliharaan Good Breeding Practice (GBP) secara ketat untuk meraih hasil produksi terbaik, yang dijalankan oleh para praktisi muda peternakan berpengalaman dan di bawah supervisi ahli serta akademisi peternakan unggas terbaik.</p><p style=\"margin-right: 0px; margin-bottom: 20px; margin-left: 0px; font-family: Arial, Helvetica, sans-serif; text-align: justify;\">Sedangkan hatchery WMU memiliki fasilitas setter machine, hatcher machine, dan alat-alat vaksinasi modern dan menerapkan Good Manufacturing Practice (GMP), sehingga menghasilkan produk DOC yang berkualitas terbaik.</p><p style=\"margin-right: 0px; margin-bottom: 20px; margin-left: 0px; font-family: Arial, Helvetica, sans-serif; text-align: justify;\">Seleksi telur dilakukan secara rutin untuk mendapatkan telur kualitas terbaik, dengan tingkat salable chick yang tinggi sebelum memasuki tahapan setting. Seleksi berikutnya adalah&nbsp;<em style=\"border: 0px none; margin: 0px; outline: none 0px; padding: 0px;\">grading</em>&nbsp;dan&nbsp;<em style=\"border: 0px none; margin: 0px; outline: none 0px; padding: 0px;\">sexing</em>&nbsp;sebelum menuju proses&nbsp;<em style=\"border: 0px none; margin: 0px; outline: none 0px; padding: 0px;\">boxing</em>&nbsp;dan d<em style=\"border: 0px none; margin: 0px; outline: none 0px; padding: 0px;\">elivery</em>&nbsp;untuk disalurkan ke peternakan ayam komersial internal maupun eksternal.</p><p style=\"margin-right: 0px; margin-bottom: 20px; margin-left: 0px; font-family: Arial, Helvetica, sans-serif; text-align: justify;\">Selain&nbsp;<em style=\"border: 0px none; margin: 0px; outline: none 0px; padding: 0px;\">hatchery</em>&nbsp;dan&nbsp;<em style=\"border: 0px none; margin: 0px; outline: none 0px; padding: 0px;\">breeding farm</em>, perusahaan berbasis di Jakarta ini juga memiliki beberapa unit bisnis dengan fasilitas yang tersebar di Pulau Jawa, antara lain unit bisnis&nbsp;<em style=\"border: 0px none; margin: 0px; outline: none 0px; padding: 0px;\">commercial broiler farm, commercial layer farm, slaughter house,&nbsp;</em>dan<em style=\"border: 0px none; margin: 0px; outline: none 0px; padding: 0px;\">&nbsp;feedmill</em>.</p><p style=\"margin-right: 0px; margin-bottom: 20px; margin-left: 0px; font-family: Arial, Helvetica, sans-serif; text-align: justify;\">Baru-baru ini, WMU melakukan groundbreaking pabrik pakan ayam di Ngawi, Jawa Timur, sebagai bagian dari pengembangan bisnis secara vertikal terintegrasi. Pabrik yang berlokasi di Desa Sidolaju, Kecamatan Widodaren tersebut seluas 12,7 hektare (ha).</p><p style=\"margin-right: 0px; margin-bottom: 20px; margin-left: 0px; font-family: Arial, Helvetica, sans-serif; text-align: justify;\">Pembangunan pabrik bertujuan untuk memenuhi kebutuhan pakan unggas WMU, sehingga meniadakan ketergantungan dengan pihak lain. Pabrik tersebut juga berkontribusi pada penyerapan tenaga kerja, terutama di Ngawi.</p><p style=\"margin-right: 0px; margin-bottom: 20px; margin-left: 0px; font-family: Arial, Helvetica, sans-serif; text-align: justify;\">WMU telah menandatangani nota kerja sama dan surat perintah kerja dengan afiliasi Fuji Electric Group asal Jepang untuk membangun pabrik pakan di Ngawi pada tanggal 8 Juli 2020.</p><p style=\"margin-right: 0px; margin-bottom: 20px; margin-left: 0px; font-family: Arial, Helvetica, sans-serif; text-align: justify;\">Saat ini, WMU juga memiliki pabrik pakan di Balaraja, Tangerang, Banten.</p><p style=\"margin-right: 0px; margin-bottom: 20px; margin-left: 0px; font-family: Arial, Helvetica, sans-serif; text-align: justify;\">Di sisi lain, WMU dan PT Retail Komoditas Nusantara (Agretail.id) telah menandatangani perjanjian kerja sama (MoU) untuk distribusi skala nasional se-Indonesia. Hal ini sesuai dengan rencana pengembangan usaha WMU sebagai perusahaan peternakan ayam yang terintegrasi secara vertikal untuk memenuhi permintaan terhadap bahan pangan berbasis protein hewani untuk seluruh rakyat Indonesia.</p><p style=\"margin-right: 0px; margin-bottom: 20px; margin-left: 0px; font-family: Arial, Helvetica, sans-serif; text-align: justify;\">Kerja sama strategis ini adalah bagian dari strategi WMU untuk memperluas jaringan pasar dan distribusi di Indonesia. Kecepatan pertumbuhan distribusi yang terintegrasi dan dioptimalisasi dengan teknologi diharapkan dapat meningkatkan efisiensi yang dampaknya akan dirasakan oleh peternak dan tentunya konsumen.</p>', 'Breeding,Hatchery', '', '', '', '', '', 'Berita_10.jpg', 'panji', 'Rabu', '2021-04-28', '11:14:26', '', '', '0000-00-00', '00:00:00', 56, 'publish'),
(23, 'PT Widodo Makmur Unggas Memberikan Bantuan Telur Ke Beberapa Wilayah Di DIY ', 'pt-widodo-makmur-unggas-memberikan-bantuan-telur-ke-beberapa-wilayah-di-diy-', 1, '<p style=\"margin-right: 0px; margin-bottom: 20px; margin-left: 0px; font-family: Arial, Helvetica, sans-serif; text-align: justify;\">PT Widodo Makmur Unggas (WMU) ikut peduli terhadap wabah Covid-19. Sebagai bentuk kepedulian, pada tanggal 31 Agustus sampai 4 September 2020 WMU memberikan bantuan telur sejumlah 65.000 ribu butir telur ke beberapa instansi &amp; lembaga di beberapa wilayah di DIY.</p><p style=\"margin-right: 0px; margin-bottom: 20px; margin-left: 0px; font-family: Arial, Helvetica, sans-serif; text-align: justify;\">Program bantuan CSR telur ini bertujuan untuk mengikuti memberikan Extra Fooding kepada warga yang dianggap membutuhkan, petugas medis dan seluruh pihak yang membantu dalam penanganan terhadap pasien Covid-19.</p>', 'bantuan telur,CSR', '', '', '', '', '', 'Berita_11.jpg', 'panji', 'Rabu', '2021-04-28', '11:17:34', '', '', '0000-00-00', '00:00:00', 31, 'publish'),
(24, 'PT Widodo Makmur Unggas Komitmen Dukung Penguatan 10.000 UMKM', 'pt-widodo-makmur-unggas-komitmen-dukung-penguatan-10000-umkm', 1, '<p style=\"margin-right: 0px; margin-bottom: 20px; margin-left: 0px; font-family: Arial, Helvetica, sans-serif; text-align: justify;\">Perusahaan peternakan ayam terintegrasi, PT Widodo Makmur Unggas (WMU) menjalin kerja sama dengan Mitra Usaha Kecil Mikro dan Menengah (Mitra UMKM) Daerah guna mendukung penguatan 10.000 UMKM di Indonesia. Kerja sama ini merupakan bagian dari komitmen WMU untuk maju dan tumbuh bersama dalam menyediakan produk pangan hewani berkualitas bagi seluruh masyarakat Indonesia.</p><p style=\"margin-right: 0px; margin-bottom: 20px; margin-left: 0px; font-family: Arial, Helvetica, sans-serif; text-align: justify;\">Melalui kerja sama ini, WMU akan menjamin pengadaan bahan baku yang halal dan berkualitas. Tidak hanya itu, WMU akan memberikan benefit bagi UMKM seperti adanya potongan harga dan kemudahan dalam skema pembayaran.</p><p style=\"margin-right: 0px; margin-bottom: 20px; margin-left: 0px; font-family: Arial, Helvetica, sans-serif; text-align: justify;\">Seremonial penandatanganan MoU kerja sama ini dilakukan secara virtual bersama 3 mitra pengelola UMKM, yaitu Holistika Institute, The Local Enablers dan Lokalkarya. Mitra UMKM ini mayoritas bergerak di industri makanan olahan. Dengan memastikan kualitas bahan baku serta pendampingan dalam peningkatan kualitas produk yang diberikan oleh WMU bisa menjadi salah satu solusi bangkitnya UMKM di tengah era adaptasi normal baru.</p><p style=\"margin-right: 0px; margin-bottom: 20px; margin-left: 0px; font-family: Arial, Helvetica, sans-serif; text-align: justify;\">Tri Mahawijaya Herlambang selaku Direktur Pemasaran WMU menyampaikan, melalui unit usaha Commercial Broiler Farm dan Rumah Potong Ayam (RPA) yang dikelola dengan menerapkan sistem pemotongan modern, sertifikasi halal dan NKV (Nomor Kontrol Veteriner), proses penyediaan bahan baku daging ayam dapat terjamin kualitasnya. Ditambah WMU juga memastikan bahwa pasokan bahan baku daging ayam tersebut dapat mencapai ke pelosok Indonesia dan dengan harga terjangkau.</p><p style=\"margin-right: 0px; margin-bottom: 20px; margin-left: 0px; font-family: Arial, Helvetica, sans-serif; text-align: justify;\">“Melalui berbagai kerja sama yang dijalin dengan berbagai pihak ketiga dan Mitra UMKM, WMU akan menyediakan bahan baku berkualitas yang terjangkau guna mendukung UMKM untuk naik kelas. 10.000 UMKM ini juga akan terus berkembang jumlahnya, karena sekarang ini kita memasuki eranya kolaborasi sehingga kita harus tumbuh bersama untuk mencapai tujuan Indonesia Maju,” urai Tri dikutip dari keterangan tertulis yang diterima redaksi, Rabu (9/9/2020).</p><p style=\"margin-right: 0px; margin-bottom: 20px; margin-left: 0px; font-family: Arial, Helvetica, sans-serif; text-align: justify;\">Tingginya pelaku UMKM di Indonesia, membuat WMU juga berencana untuk memberikan literasi dan edukasi terkait peningkatan kualitas produk. Target yang dimiliki oleh WMU yaitu untuk konsisten berkontribusi terhadap negeri khususnya untuk keberlangsungan dari UMKM.</p><p style=\"margin-right: 0px; margin-bottom: 20px; margin-left: 0px; font-family: Arial, Helvetica, sans-serif; text-align: justify;\">“UMKM kini menjadi salah satu kunci pertumbuhan dan garda pertahanan dalam menjaga ekonomi nasional. Namun, Kami para pelaku UMKM juga membutuhkan booster dan pendampingan yang tepat untuk dapat naik kelas. Holistika Institute berharap dengan adanya kerjasama dengan PT Widodo Makmur Unggas dapat menjadi booster untuk mitra UMKM. Kami percaya PT WMU, sebagai perusahan yang dimiliki oleh anak bangsa, dapat merawat kunci pertumbuhan dan garda pertahanan ekonomi nasional, yaitu UMKM,” ujar Cecep selaku Ketua Holistika Institute.</p><p style=\"margin-right: 0px; margin-bottom: 20px; margin-left: 0px; font-family: Arial, Helvetica, sans-serif; text-align: justify;\">Sementara Bambang Bayu selaku Ketua The Local Enablers berharap melalui kerja sama dengan PT Widodo Makmur Unggas dapat membantu memecahkan berbagai masalah yang dihadapi dan menjadi jembatan akselerasi bagi kemajuan UMKM.</p><p style=\"margin-right: 0px; margin-bottom: 20px; margin-left: 0px; font-family: Arial, Helvetica, sans-serif; text-align: justify;\">Harapan lain juga disampaikan oleh Erik Dwiharta, Ketua Lokalkarya, menurutnya melalui kerja sama dan dukungan dari WMU, UMKM Indonesia khususnya yang ada di ujung timur Pulau Jawa ini menjadi lebih semangat memajukan usaha dan produksi yang berkualitas.</p><p style=\"margin-right: 0px; margin-bottom: 20px; margin-left: 0px; font-family: Arial, Helvetica, sans-serif; text-align: justify;\">Sebagai catatan, PT Widodo Makmur Unggas (WMU) merupakan anak perusahaan PT Widodo Makmur Perkasa (WMP) yang berbasis di Jakarta, WMU memiliki unit-unit bisnis meliputi breeding farm, hatchery, commercial broiler farm, commercial layer farm, slaughterhouse, dan feedmill di beberapa lokasi fasilitas yang tersebar di Pulau Jawa.</p>', 'event,human resources', '', '', '', '', '', 'Berita_12.jpg', 'panji', 'Rabu', '2021-04-28', '11:20:12', '', '', '0000-00-00', '00:00:00', 29, 'publish'),
(25, 'PT Widodo Makmur Perkasa Tidak Mengadakan Rekrutmen Bersifat Berbayar. Alias FREE. Please, Be Careful !!!', 'pt-widodo-makmur-perkasa-tidak-mengadakan-rekrutmen-bersifat-berbayar-alias-free-please-be-careful-', 1, '<p><span style=\"font-family: Arial, Helvetica, sans-serif; text-align: justify;\">Dengan beredarnya informasi mengenai lowongan pekerjaan yang mengatasnamakan PT Widodo Makmur Perkasa, Kami menyatakan bahwa setiap lowongan pekerjaan selalu diinfokan melalui website resmi perusahaan dan tidak dipungut biaya apapun.</span><br></p>', 'human resources', '', '', '', '', '', 'rrtrtrwwww.jpeg', 'panji', 'Rabu', '2021-04-28', '11:21:48', 'jiung', 'Rabu', '2021-04-28', '18:50:37', 4, 'delete'),
(26, 'Job Vacancy Accounting Manager', 'job-vacancy-accounting-manager', 1, '<div class=\"entry-content\" style=\"border: 0px none; margin: 0px; outline: none 0px; padding: 0px;\"><p style=\"margin-right: 0px; margin-bottom: 20px; margin-left: 0px;\">Hi Young People!</p><p style=\"margin-right: 0px; margin-bottom: 20px; margin-left: 0px;\">PT Widodo Makmur Perkasa gives the opportunity to young generations in Indonesia to be the part of us. We are hiring for some positions below:</p><p style=\"margin-right: 0px; margin-bottom: 20px; margin-left: 0px;\">1. Accounting Manager</p><p style=\"margin-right: 0px; margin-bottom: 20px; margin-left: 0px;\">Sent your requirements (CV, application letter, and other supported documents) to recruitment@wmp-group.co.id.</p><p style=\"margin-right: 0px; margin-bottom: 20px; margin-left: 0px;\">For more information, kindly contact us:<br>Devy (HC Officer): 082122302535<br>Retno (HC Officer): 085960312846</p><p style=\"margin-right: 0px; margin-bottom: 20px; margin-left: 0px;\">Notes:<br>This recruitment process is free. Please be careful from any deception on behalf of PT Widodo Makmur Perkasa. Only the best candidate will be contacted and processed to the next step.</p></div><footer class=\"entry-meta\" style=\"border-top: 1px solid rgb(244, 244, 244); border-bottom: 1px solid rgb(244, 244, 244); padding: 28px 0px 22px;\"><div class=\"row\" style=\"border: 0px none; margin: 0px -15px; outline: none 0px; padding: 0px;\"><div class=\"col-md-6 col-sm-12 col-xs-12\" style=\"border: 0px none; margin: 0px; outline: none 0px; padding: 0px 15px; min-height: 1px; float: left; width: 438.75px; font-family: Arial, Helvetica, sans-serif; text-align: justify;\"></div><div class=\"col-md-6 col-sm-12 col-xs-12\" style=\"border: 0px none; margin: 0px; outline: none 0px; padding: 0px 15px; min-height: 1px; float: left; width: 438.75px; font-family: Arial, Helvetica, sans-serif; text-align: justify;\"></div></div></footer>', 'hiring', '', '', '', '', '', 'Berita_14.jpg', 'panji', 'Rabu', '2021-04-28', '13:03:45', '', '', '0000-00-00', '00:00:00', 67, 'publish'),
(27, 'Job Vacancy Meat Fresh Sales Manager', 'job-vacancy-meat-fresh-sales-manager', 1, '<div class=\"entry-content\" style=\"border: 0px none; margin: 0px; outline: none 0px; padding: 0px; font-family: Arial, Helvetica, sans-serif; text-align: justify;\"><p style=\"margin-right: 0px; margin-bottom: 20px; margin-left: 0px;\"><strong style=\"font-weight: bold; border: 0px none; margin: 0px; outline: none 0px; padding: 0px;\">Meat Fresh Sales Manager</strong></p><p style=\"margin-right: 0px; margin-bottom: 20px; margin-left: 0px;\"><strong style=\"font-weight: bold; border: 0px none; margin: 0px; outline: none 0px; padding: 0px;\">Kualifikasi :</strong></p><ul style=\"margin-bottom: 10px;\"><li>Lulusan S1 Manajemen Pemasaran</li><li>Usia maksimal 45 tahun</li><li>Jujur</li><li>Komunikatif</li><li>Bertanggung jawab</li><li>Memiliki kemampuan komunikasi yang baik</li><li>Kreatif & inovatif</li><li>Energik</li><li>Memiliki kemauan belajar yang tinggi</li><li>Pekerja keras</li><li>Dapat bekerja secara tim</li><li>Memiliki kemampuan membuat perencanaan dan pengaturan kerja</li><li>Memiliki SIM A & SIM C</li><li>Diutamakan memiliki pengalaman di posisi yang sama setidaknya 5 tahun</li><li>Diutamakan memiliki pengetahuan tentang daging dan olahan daging</li></ul><p style=\"margin-right: 0px; margin-bottom: 20px; margin-left: 0px;\"> </p><p style=\"margin-right: 0px; margin-bottom: 20px; margin-left: 0px;\"><strong style=\"font-weight: bold; border: 0px none; margin: 0px; outline: none 0px; padding: 0px;\">Uraian Tugas :</strong></p><ul style=\"margin-bottom: 10px;\"><li>Menyusun rencana / target penjualan mingguan, bulanan, & tahunan</li><li>Bersama Tim Marketing Menyusun rencana kerja / program promosi untuk mendukung penjualan</li><li>Menyusun budget expense dan pelatihan skill</li><li>Melakukan analisa market dan penjualan</li><li>Menyusun program pengembangan produk dan branding perusahaan</li><li>Menyusun program pengembangan customer dan market</li><li>Memonitor pelaksanaan program penjualan agar sesuai target</li><li>Memastikan tercapainya revenue sesuai target</li></ul></div><footer class=\"entry-meta\" style=\"border-top: 1px solid rgb(244, 244, 244); border-bottom: 1px solid rgb(244, 244, 244); padding: 28px 0px 22px; font-family: Arial, Helvetica, sans-serif; text-align: justify;\"><div class=\"row\" style=\"border: 0px none; margin: 0px -15px; outline: none 0px; padding: 0px;\"></div></footer>', 'hiring', '', '', '', '', '', 'rtrtrtrtrty.jpeg', 'panji', 'Rabu', '2021-04-28', '13:05:05', 'jiung', 'Rabu', '2021-04-28', '18:49:35', 16, 'delete'),
(28, 'Pengumuman Tender Pengadaan Lembaga Atau Profesi Penunjang Untuk Pelaksanaan IPO PT WIDODO MAKMUR PERKASA', 'pengumuman-tender-pengadaan-lembaga-atau-profesi-penunjang-untuk-pelaksanaan-ipo-pt-widodo-makmur-perkasa', 1, '<p style=\"margin-right: 0px; margin-bottom: 20px; margin-left: 0px; font-family: Arial, Helvetica, sans-serif; text-align: center;\"><strong style=\"font-weight: bold; border: 0px none; margin: 0px; outline: none 0px; padding: 0px;\">PENGUMUMAN TENDER</strong><br><strong style=\"font-weight: bold; border: 0px none; margin: 0px; outline: none 0px; padding: 0px;\">PENGADAAN LEMBAGA/PROFESI PENUNJANG</strong><br><strong style=\"font-weight: bold; border: 0px none; margin: 0px; outline: none 0px; padding: 0px;\">DALAM RANGKA</strong><br><strong style=\"font-weight: bold; border: 0px none; margin: 0px; outline: none 0px; padding: 0px;\">PELAKSANAAN INITIAL PUBLIC OFFERING (IPO)</strong><br><strong style=\"font-weight: bold; border: 0px none; margin: 0px; outline: none 0px; padding: 0px;\">PT WIDODO MAKMUR PERKASA</strong></p><p style=\"margin-right: 0px; margin-bottom: 20px; margin-left: 0px; font-family: Arial, Helvetica, sans-serif; text-align: justify;\"> </p><p style=\"margin-right: 0px; margin-bottom: 20px; margin-left: 0px; font-family: Arial, Helvetica, sans-serif; text-align: justify;\">Dalam rangka persiapan pelaksanaan Initial Public Offering (IPO) PT Widodo Makmur Perkasa bermaksud<br>melakukan Pengadaan untuk Lembaga dan/atau Profesi Penunjang yang terdiri dari :<br>1. Penjaminan Pelaksana Emisi<br>2. Konsultan Hukum<br>3. Notaris<br>4. KJPP<br>5. Biro Administrasi Efek<br>6. Public Relation<br>7. Percetakan</p><p style=\"margin-right: 0px; margin-bottom: 20px; margin-left: 0px; font-family: Arial, Helvetica, sans-serif; text-align: justify;\">Persyaratan umum bagi peserta Pengadaan adalah sebagai berikut :<br>1.Terdaftar sebagai lembaga dan/atau profesi penunjang di Otoritas Jasa Keuangan (OJK)<br>2.Memiliki pengalaman dalam menangani Initial Public Offering/Right Issue/Penambahan Modal dengan<br>HMETD dan transaksi pasar modal lainnya.<br>3.Didukung oleh Tenaga Profesional yang cakap pada bidangnya.<br>4.Bersedia menandatangani pernyataan integritas dan kerahasiaan informasi.<br>Persyaratan khusus untuk PPE bersedia melakukan penjaminan emisi dengan komitmen penuh (full<br>commitment).<br>Lembaga dan/atau Profesi Penunjang yang berminat mengikuti Pengadaan ini harus menyerahkan Surat<br>Pernyataan Minat yang ditandatangani oleh Pimpinan Lembaga dan/atau Profesi Penunjang pada saat<br>Rapat Penjelasan/Aanwijzing yang akan dilaksanakan pada :</p><p style=\"margin-right: 0px; margin-bottom: 20px; margin-left: 0px; font-family: Arial, Helvetica, sans-serif;\">Hari / Tanggal : Senin, 26 April 2021<br>Tempat :<br>Graha Widodo Makmur, Jl.<br>Raya Cilangkap No. 58<br>Cilangkap, Cipayung Jakarta<br>Timur 13870, Indonesia<br>Waktu :<br>Penjamin Pelaksana Emisi : 09.30 WIB – 11.00 WIB<br>Konsultan Hukum : 11.00 WIB – 12.00 WIB<br>Notaris : 13.00 WIB – 14.00 WIB<br>Biro Administrasi Efek : 14.00 WIB – 15.00 WIB<br>KJPP : 15..00 WIB – 16.00 WIB<br>Public Relations : 16.00 WIB – 17.00 WIB<br>Percetakan : 17.00 WIB – 18.00 WIB</p><p style=\"margin-right: 0px; margin-bottom: 20px; margin-left: 0px; font-family: Arial, Helvetica, sans-serif; text-align: justify;\"> </p><p style=\"margin-right: 0px; margin-bottom: 20px; margin-left: 0px; font-family: Arial, Helvetica, sans-serif; text-align: justify;\">Untuk informasi lebih lanjut dapat menghubungi.<br>email :</p><p style=\"margin-right: 0px; margin-bottom: 20px; margin-left: 0px; font-family: Arial, Helvetica, sans-serif; text-align: justify;\">– ekoagmi.andriana@wmp-group.co.id<br>– corporate.secretary@wmp-group.co.id<br>Apabila terdapat perubahan agenda, jadwal, maupun pemberitahuan tambahan lainnya. Akan<br>diinformasikan lebih lanjut.</p>', 'hiring', '', '', '', '', '', 'rrtrtrtrtrt.jpeg', 'panji', 'Rabu', '2021-04-28', '13:06:36', 'jiung', 'Rabu', '2021-04-28', '18:48:15', 48, 'Publish');
INSERT INTO `blogs` (`blogs_id`, `blogs_judul`, `blogs_judul_seo`, `blogs_kategori_id`, `blogs_desk`, `blogs_keyword`, `blogs_meta_desk`, `blogs_judul_eng`, `blogs_judul_seo_eng`, `blogs_desk_eng`, `blogs_meta_desk_eng`, `blogs_gambar`, `blogs_post_oleh`, `blogs_post_hari`, `blogs_post_tanggal`, `blogs_post_jam`, `blogs_update_oleh`, `blogs_update_hari`, `blogs_update_tanggal`, `blogs_update_jam`, `blogs_dibaca`, `blogs_status`) VALUES
(29, 'Menuju Green Company, PT Widodo Makmur Perkasa, Tbk Mulai dari Penyediaan Layanan Solar Panel di Fasilitas Produksi', 'menuju-green-company-pt-widodo-makmur-perkasa-tbk-mulai-dari-penyediaan-layanan-solar-panel-di-fasilitas-produksi', 2, '<p class=\"Normal1\" style=\"text-align:justify\"><b><span style=\"font-size:12.0pt;mso-bidi-font-size:16.0pt;line-height:\r\n107%\">Jakarta, 30 Agustus 2021 – </span></b><span style=\"font-size:12.0pt;\r\nmso-bidi-font-size:16.0pt;line-height:107%\">PT</span><span style=\"font-size:12.0pt;mso-bidi-font-size:16.0pt;line-height:\r\n107%\">&nbsp;Widodo Makmur Perkasa, Tbk (“Perusahaan” atau “WMP Grup”), merupakan\r\nPerusahaan yang bergerak di bidang Komoditas Agrikultur dan <i>Consumer Goods </i>&nbsp;yang terintegrasi secara holistik dengan lima\r\nlini bisnis yakni <i>Livestock</i></span><i><span lang=\"IN\" style=\"font-size:\r\n12.0pt;mso-bidi-font-size:16.0pt;line-height:107%;mso-ansi-language:IN\">, </span></i><i><span style=\"font-size:12.0pt;mso-bidi-font-size:16.0pt;line-height:107%\">Meat\r\nProcessing, Poultry, Commodity, </span></i><span style=\"font-size:12.0pt;\r\nmso-bidi-font-size:16.0pt;line-height:107%\">serta<i> Construction &amp; Energy</i>.\r\n</span><span lang=\"IN\" style=\"font-size:12.0pt;mso-bidi-font-size:16.0pt;\r\nline-height:107%;mso-ansi-language:IN\">Hari ini</span><span style=\"font-size:\r\n12.0pt;mso-bidi-font-size:16.0pt;line-height:107%\"> perusahaan s</span><span lang=\"IN\" style=\"font-size:12.0pt;mso-bidi-font-size:16.0pt;line-height:107%;\r\nmso-ansi-language:IN\">ecara resmi menandatangani </span><span style=\"font-size:\r\n12.0pt;mso-bidi-font-size:16.0pt;line-height:107%\">perjanjian </span><span lang=\"IN\" style=\"font-size:12.0pt;mso-bidi-font-size:16.0pt;line-height:107%;\r\nmso-ansi-language:IN\">kerjasama dengan </span><span style=\"font-size:12.0pt;\r\nmso-bidi-font-size:16.0pt;line-height:107%\">SUN Energy dan Agra Surya Energy\r\nsebagai penyedia layanan Solar Panel di berbagai fasilitas produksi WMP Grup. </span><span lang=\"IN\" style=\"font-size:12.0pt;mso-bidi-font-size:16.0pt;line-height:107%;\r\nmso-ansi-language:IN\"><o:p></o:p></span></p><p class=\"Normal1\" style=\"text-align:justify\"><span lang=\"IN\" style=\"font-size:\r\n12.0pt;mso-bidi-font-size:16.0pt;line-height:107%;mso-ansi-language:IN\">Dalam\r\nkerjasama ini</span><span style=\"font-size:12.0pt;mso-bidi-font-size:16.0pt;\r\nline-height:107%\">,</span><span style=\"font-size:12.0pt;mso-bidi-font-size:\r\n16.0pt;line-height:107%;mso-ansi-language:IN\"> </span><span style=\"font-size:\r\n12.0pt;mso-bidi-font-size:16.0pt;line-height:107%\">SUN Energy dan Agra Surya\r\nEnergy akan mengimplementasi infrastruktur solar panel di beberapa fasilitas\r\nproduksi yang dimiliki oleh WMP Grup dan anak usaha, yakni fasilitas Farm dan\r\nFeedmill milik PT Pasir Tengah <i>(Livestock)</i> – fasilitas rumah potong\r\nhewan, <i>meat processing plant</i>, dan\r\ncold storage milik PT Cianjur Arta Makmur (<i>Meat Processing</i>) – serta\r\nfasilitas <i>Feedmill, Commercial Farm</i>, Rumah Potong Hewan Unggas, dan <i>Hatchery\r\nmilik PT Widodo Makmur Unggas, Tbk.</i><o:p></o:p></span></p><p class=\"Normal1\" style=\"text-align:justify\"><span style=\"font-size:12.0pt;\r\nmso-bidi-font-size:16.0pt;line-height:107%\">Penandatanganan kerjasama ini merupakan\r\nrealisasi tahap pertama dari rencana pengaplikasian energi terbarukan di\r\nfasilitas milik WMP Grup. Pada tahap awal ini WMP Grup akan mengaplikasikan\r\ninfrastruktur solar panel dengan kapasitas 37,7 MWp yang akan rampung pada Q1\r\n2022, dari total target penggunaan energi terbarukan sebesar 158 MWp di tahun\r\n2026</span><span lang=\"IN\" style=\"font-size:12.0pt;mso-bidi-font-size:16.0pt;\r\nline-height:107%;mso-ansi-language:IN\">.&nbsp;\r\n</span><span style=\"font-size:12.0pt;mso-bidi-font-size:16.0pt;\r\nline-height:107%\"><o:p></o:p></span></p><p class=\"Normal1\" style=\"text-align:justify\"><b><span style=\"font-size:12.0pt;mso-bidi-font-size:16.0pt;line-height:\r\n107%\">Tumiyana, CEO PT Widodo Makmur Perkasa, Tbk</span></b><span style=\"font-size:\r\n12.0pt;mso-bidi-font-size:16.0pt;line-height:107%\">, berkomentar “</span><span lang=\"IN\" style=\"font-size:12.0pt;mso-bidi-font-size:16.0pt;line-height:107%;\r\nmso-ansi-language:IN\">Dengan mengambil langkah pemberdayaan sumber energi ramah\r\nlingkungan di </span><span style=\"font-size:12.0pt;mso-bidi-font-size:16.0pt;\r\nline-height:107%\">wilayah</span><span lang=\"IN\" style=\"font-size:12.0pt;\r\nmso-bidi-font-size:16.0pt;line-height:107%;mso-ansi-language:IN\"> kerja\r\nperusahaan akan mendorong </span><span style=\"font-size:12.0pt;mso-bidi-font-size:\r\n16.0pt;line-height:107%\">percepatan realisasi </span><span lang=\"IN\" style=\"font-size:12.0pt;mso-bidi-font-size:16.0pt;line-height:107%;mso-ansi-language:\r\nIN\">komitmen dan visi perusahaan untuk bertansformasi menjadi bisnis hijau</span><span style=\"font-size:12.0pt;mso-bidi-font-size:16.0pt;line-height:107%\">, holistik\r\ndan berkelanjutan, serta sebagai bukti nyata penerapan prinsip <i>environmental,\r\nsocial and corporate governance (ESG) </i>oleh PT Widodo Makmur Perkasa, Tbk. </span><span lang=\"IN\" style=\"font-size:12.0pt;mso-bidi-font-size:16.0pt;line-height:107%;\r\nmso-ansi-language:IN\">Tidak berhenti pada penerapan solar panel yang ramah\r\nlingkungan,</span><span style=\"font-size:12.0pt;mso-bidi-font-size:16.0pt;\r\nline-height:107%\"> Langkah upaya transformasi keberlanjutan </span><span lang=\"IN\" style=\"font-size:12.0pt;mso-bidi-font-size:16.0pt;line-height:107%;\r\nmso-ansi-language:IN\">lainnya</span><span style=\"font-size:12.0pt;mso-bidi-font-size:\r\n16.0pt;line-height:107%\"> juga akan diaplikasikan oleh Perusahaan. Pada\r\nakhirnya, langkah ini akan menghadirkan nilai tambah bagi seluruh pemangku\r\nkepentingan dan masyarakat secara luas.”</span><span lang=\"IN\" style=\"font-size:\r\n12.0pt;mso-bidi-font-size:16.0pt;line-height:107%;mso-ansi-language:IN\"><o:p></o:p></span></p><p class=\"Normal1\" style=\"text-align:justify\"><b><span style=\"font-size:12.0pt;mso-bidi-font-size:16.0pt;line-height:\r\n107%\">Roy Wijaya</span></b><span style=\"font-size:12.0pt;mso-bidi-font-size:\r\n16.0pt;line-height:107%\">, <b>Direktur\r\nUtama SUN Energy</b>, mengatakan, “Sebagai penyedia layanan energi bersih,\r\nkhususnya sistem PLTS, SUN Energi mengapresiasi setinggi-tingginya atas\r\nkomitmen Grup Widodo Makmur Perkasa terhadap upaya pengurangan jejak emisi\r\nkarbon sebagai kontribusi membangun bisnis yang berkelanjutan. Tindakan\r\nkorporasi ini patut diberikan penghargaan karena turut menciptakan lingkungan\r\nyang lestari demi masa depan negeri.”<o:p></o:p></span></p><p>\r\n\r\n\r\n\r\n\r\n\r\n\r\n\r\n\r\n\r\n</p><p class=\"Normal1\" style=\"text-align:justify\"><span style=\"font-size:12.0pt;\r\nmso-bidi-font-size:16.0pt;line-height:107%;mso-bidi-font-weight:bold\">Sementara\r\nitu</span><b><span style=\"font-size:12.0pt;\r\nmso-bidi-font-size:16.0pt;line-height:107%\"> Harvey Tjokro</span></b><span style=\"font-size:12.0pt;mso-bidi-font-size:16.0pt;line-height:107%\">, <b>Direktur Agra Surya Energy</b>,\r\nmenambahkan, “Sebagai perusahaan penyedia energi hijau yang berkembang di\r\nIndonesia, tentu saja sebuah kehormatan bagi kami untuk dapat mendukung\r\ntransformasi perusahaan – perusahaan asli Indonesia kearah model bisnis yang\r\nlebih hijau. Dengan Langkah yang diambil&nbsp;</span><span style=\"font-size: 12pt; line-height: 17.12px;\">PT</span><span style=\"font-size: 12pt; line-height: 17.12px;\">&nbsp;Widodo Makmur Perkasa, Tbk&nbsp;</span><span style=\"font-size: 12pt;\">ini kami harap dapat menjadi\r\ninspirasi bagi seluruh pelaku usaha di Indonesia untuk beralih ke pemberdayaan\r\nenergi terbarukan untuk kemajuan bangsa.”</span></p>', '', '', '', '', '', '', 'MOU-SOLAR-PANEL.png', 'jiung', 'Jumat', '2021-09-10', '10:18:12', 'jiung', 'Minggu', '2021-09-12', '15:47:14', 58, 'publish'),
(30, 'Press Release MoU Tuban – PT Widodo Makmur Sejahtera', 'press-release-mou-tuban--pt-widodo-makmur-sejahtera', 3, '<p class=\"MsoNormal\" style=\"text-align:justify;line-height:150%\"><span lang=\"EN-ID\">PT Widodo Makmur, Tbk Perkasa (WMP) Holding melalui anak usahanya, PT Widodofood\r\nMakmur Sejahtera (WMS) melakukan penandatanganan Memorandum of Understanding\r\n(MoU) dengan Koperasi Petani Indonesia (KPI) Tuban untuk memastikan\r\nketersediaan pasokan jagung di lini bisnis poultry. Penandatanganan MoU\r\ndilakukan oleh Direktur Utama PT Widodofood Makmur Sejahtera, Nur Iswan dan Ketua KPI Tuban, Nur Hadi di\r\nDesa Senori, Kecamatan Merakurak, Kabupaten Tuban. MoU ini membahas kerjasama\r\nkemitraan untuk komoditas jagung dengan cakupan luas lahan hingga 5.000 hektar.</span></p><p class=\"MsoNormal\" style=\"text-align:justify;line-height:150%\"><span style=\"font-size: 1rem;\">Nur Iswan\r\nmenyatakan pasokan kebutuhan jagung di lini bisnis poultry Widodo Makmur Group\r\ndipenuhi melalui intergrated farming dan kemitraan dengan petani jagung.\r\nKebutuhan jagung Widodo makmur Group pada 2026 diproyeksikan mencapai 552 ribu\r\nton dan akan bersumber dari Gabungan Kelompok Tani (Gapoktan) maupun Koperasi\r\nPetani.</span><br></p><p class=\"MsoNormal\" style=\"text-align:justify;line-height:150%\"><span lang=\"EN-ID\">Dalam rangka\r\nmengamankan 50% pasokan bahan baku Jagung dan sesuai misi PT Widodo Makmur, Tbk Holding, PT Widodofood Makmur Sejahtera telah dan akan terus memperkuat Kemitraan dengan Para Petani terutama di\r\nLumbung-lumbung Jagung nasional.</span></p><p class=\"MsoNormal\" style=\"text-align:justify;line-height:150%\"><span lang=\"EN-ID\">“Kami menargetkan kemitraan dengan Koperasi Petani Indonesia Tuban\r\nakan mencapai luasan lima ribu hektar hingga tahun 2026 nanti.” Jelas Nur\r\nIswan.</span></p><p class=\"MsoNormal\" style=\"text-align:justify;line-height:150%\"><span style=\"text-indent: 0.5in; font-size: 1rem;\">Acara penandatangan MoU ini juga dihadiri Wakil Bupati Tuban, H.\r\nRiyadi, S.H yang didampingi Kepala Dinas Pertanian serta Kepala Dinas Koperasi dan\r\nPerdagangan Kabupaten Tuban. Dalam sambutannya, Wakil Bupati Tuban menyambut\r\nbaik dan mendukung penuh kesepakatan&nbsp;</span>PT Widodofood Makmur Sejahtera&nbsp;<span style=\"text-indent: 0.5in; font-size: 1rem;\">dan KPI Tuban.&nbsp;</span></p>', '', '', '', '', '', '', 'KERJASAMA-COMMODITY.png', 'jiung', 'Jumat', '2021-09-10', '10:20:04', 'jiung', 'Sabtu', '2021-09-11', '18:42:08', 35, 'publish'),
(31, 'Tingkatkan kualitas Produk, WMUU datangkan Day Old Chick (DOC) dari Hubbard Efficiency Plus, Perancis', 'tingkatkan-kualitas-produk-wmuu-datangkan-day-old-chick-doc-dari-hubbard-efficiency-plus-perancis', 2, '<p class=\"MsoNormal\"></p><div style=\"text-align: justify;\"><span style=\"font-size: 12pt;\">Pada\r\nhari Rabu,&nbsp;</span>PT. Widodo Makmur Unggas, Tbk (IDX : WMUU) mendatangkan Day Old Chick (DOC) yang berasal dari Hubbard Efficiency Plus, Perancis. Pemilihan DOC yang berkualitas modern dan seimbang (performance parent stock &amp; performance broiler) langkah ini dilakukan untuk memenuhi kebutuhan parent stock yang setiap tahun semakin meningkat.</div><div style=\"text-align: justify;\"><br></div><div style=\"text-align: justify;\">Dengan ini, diharapkan kebutuhan DOC parent stock kami dapat terpenuhi , sehingga produk commercial broiler (livebird) dan produk yang dihasilkan di RPA baik karkas maupun produk olahan (food processing) dapat terpenuhi dan memiliki kualitas yang prima.</div><p></p>', '', '', '', '', '', '', 'PENJEMPUTAN_DOC.png', 'jiung', 'Jumat', '2021-09-10', '10:20:51', 'jiung', 'Jumat', '2021-09-10', '17:25:00', 47, 'publish'),
(32, 'Penjajakan Kerjasama PT Widodo Makmur Perkasa & Universitas Parahyangan', 'penjajakan-kerjasama-pt-widodo-makmur-perkasa--universitas-parahyangan', 4, '<p style=\"text-align: justify; \">Pada hari Jum’at tanggal 27 Agustus 2021 telah berlangsung diskusi antara Human Capital PT Widodo Makmur Perkasa dengan Civitas Akademi Universitas Parahyangan. Dalam kesempatan tersebut, kedua belah pihak membahas perihal rencana penyelenggaraan Program Kamus Merdeka atau Merdeka Belajar Kerjasama antara PT Widodo Makmur Perkasa dengan Universitas Parahyangan. Program ini digaungkan untuk mempersiapkan &amp; mengembangkan karir mahasiwa/mahasiswi di masa depan serta juga menawarkan beberapa keuntungan baik bagi perusahaan, mahasiswa/mahasiswi, maupun perguruan tinggi, di antaranya:</p><p style=\"text-align: justify; \"><br></p><p style=\"text-align: justify; \"><b>Untuk Perusahaan&nbsp;</b></p><p style=\"text-align: justify; \">Sebagai salah satu wadah corporate branding PT Widodo Makmur Perkasa beserta Line Businessnya kepada civitas akademi Universitas Parahyangan</p><p style=\"text-align: justify; \">Memperoleh bibit-bibit SDM unggul untuk mensupport proses bisnis perusahaan</p><p style=\"text-align: justify; \"><b>Untuk Mahasiswa</b></p><p style=\"text-align: justify; \">Mengeksplor pengetahuan dan kemampuan di lapangan selama satu semester</p><p style=\"text-align: justify; \">Belajar &amp; memperluas jaringan di luar program studi atau kampus</p><p style=\"text-align: justify; \">Menimba ilmu secara langsung dari mitra berkualitas</p><p style=\"text-align: justify; \"><b>Untuk Perguruan Tinggi</b></p><p style=\"text-align: justify; \">Menghasilkan lulusan yang sesuai perkembangan zaman</p><p style=\"text-align: justify; \">Tercipta pembelajaran yang otonom &amp; fleksibel</p><p style=\"text-align: justify; \">Meningkatkan kompetensi lulusan</p><div style=\"text-align: justify; \"><br></div>', '', '', '', '', '', '', 'asasasdf.png', 'jiung', 'Senin', '2021-09-13', '17:48:46', '', '', '0000-00-00', '00:00:00', 21, 'publish'),
(33, 'Virtual Training', 'virtual-training', 4, '<p style=\"text-align: justify; \">Pada hari Kamis tanggal 26 Agustus 2021 telah berlangsung virtual training dengan tema Quality Control Circle (QCC). Sasaran peserta training ini antara lain level staff sampai dengan Supervisor Up dari seluruh unit bisnis PT Widodo Makmur Unggas Tbk. Pemateri yang membawakan materi training QCC ialah GM Rumah Potong Ayam (Bpk. Wahyudi, S.Pt.)</p><p style=\"text-align: justify; \">Dengan mengikuti training QCC ini, diharapkan peserta mampu mengembangkan pola pikir SDM mengenai analisa masalah di unit sehingga masalah tertangani secara efektif &amp; efisien. Secara lebih komprehensif, training QCC bermanfaat agar peserta mampu mempelajari konsep Analisa &amp; pemecahan masalah di dalam bekerja, menentukan aspek-aspek pelaksanaan serta evaluasinya</p><div style=\"text-align: justify; \"><br></div>', '', '', '', '', '', '', 'Virtualtraining1(2).png', 'jiung', 'Senin', '2021-09-13', '17:54:15', '', '', '0000-00-00', '00:00:00', 18, 'publish'),
(34, 'VIRTUAL JOB FAIR', 'virtual-job-fair', 4, '<p>Nama kegiatan<span style=\"white-space:pre\">	</span>: Digital Career Expo yang diselenggarakan oleh Kementerian Ketenagakerjaan bekerjasama dengan&nbsp; Yayasan Plan International Indonesia</p><p>Pelaksanaan<span style=\"white-space:pre\">	</span>: 18 – 19 Juni 2021<br><span style=\"font-size: 1rem;\">Benefit </span><span style=\"font-size: 1rem; white-space: pre;\">	</span><span style=\"font-size: 1rem;\">:&nbsp;&nbsp;<br></span><span style=\"font-size: 1rem;\">1.</span><span style=\"font-size: 1rem; white-space: pre;\">	</span><span style=\"font-size: 1rem;\">Memperkenalkan PT Widodo Makmur Perkasa beserta Line Businessnya kepada&nbsp; pasar tenaga kerja di Indonesia&nbsp;&nbsp;<br></span><span style=\"font-size: 1rem;\">2.</span><span style=\"font-size: 1rem; white-space: pre;\">	</span><span style=\"font-size: 1rem;\"> Memperoleh Bank Data CV untuk memenuhi lowongan pekerjaan yang sedang dibuka : ada 13 lowongan kerja yang dibuka untuk public meliputi Investor Relation, Maintenance Manager, Supervisor Maintenance, Finance Manager, Head of Marketing Intelligence, Social Media Officer, Commercial Broiler, Farm Manager, Commercial Farm Broiler Supervisor, Data Analyst, Meat Fresh Sales Manager, Human Capital Manager, Accounting Supervisor, Salesman.</span></p><div><br></div>', '', '', '', '', '', '', '1_Virtual-job-fair.png', 'dhawy', 'Selasa', '2021-09-14', '14:27:09', '', '', '0000-00-00', '00:00:00', 19, 'publish'),
(35, 'WEBINAR SERIES 1', 'webinar-series-1', 4, '<p>Tema <span style=\"white-space:pre\">		</span>: Strategi Mengembangkan SDM untuk Mencapai Goal Company</p><p>Pelaksanaan<span style=\"white-space:pre\">	</span>: 12 Juni 2021</p><p>Narasumber<span style=\"white-space:pre\">	</span>: Irjen Pol (Purn). Drs. Budi Setiyadi, S.H., M.Si.<br><span style=\"font-size: 1rem;\">&nbsp; &nbsp; &nbsp; &nbsp; &nbsp; &nbsp; &nbsp; &nbsp; &nbsp; &nbsp; &nbsp; &nbsp; &nbsp; &nbsp; &nbsp; &nbsp; &nbsp; Dirjen Perhubungan Darat Kementerian Perhubungan RI</span></p><p><span style=\"font-size: 1rem;\">Moderator</span><span style=\"font-size: 1rem; white-space: pre;\">		</span><span style=\"font-size: 1rem;\">: Ir. Nur Tjahjo, MM.<br></span>&nbsp;&nbsp;&nbsp;&nbsp;&nbsp;&nbsp;&nbsp;&nbsp;&nbsp;&nbsp;&nbsp;&nbsp;&nbsp;&nbsp;&nbsp;&nbsp;&nbsp;&nbsp;&nbsp;&nbsp;&nbsp;&nbsp;&nbsp;&nbsp;&nbsp;&nbsp;&nbsp;&nbsp;&nbsp;&nbsp;&nbsp;&nbsp;&nbsp;<span style=\"font-size: 1rem;\">&nbsp;Human Capital Director</span></p><p>Peserta <span style=\"white-space:pre\">		</span>: Level Manager Up All Line Business</p>', '', '', '', '', '', '', '2_Webinar1-Strategi-Mengembangkan-SDM-untuk-Mencapai-Goal-Company.png', 'dhawy', 'Selasa', '2021-09-14', '14:31:33', '', '', '0000-00-00', '00:00:00', 14, 'publish'),
(36, 'WEBINAR SERIES 2', 'webinar-series-2', 4, '<p>Tema <span style=\"white-space:pre\">		</span>&nbsp;&nbsp;&nbsp;&nbsp;&nbsp;&nbsp;&nbsp;&nbsp;: Peran Manager untuk Meningkatkan Produktifitas dalam Menghadapi Era&nbsp;<span style=\"font-size: 1rem;\">New Normal</span></p><p>Pelaksanaan<span style=\"white-space:pre\">	</span>: 23 Juni 2021</p><p>Narasumber<span style=\"white-space:pre\">	</span>: Prof. Dr. Ir. Ali Agus, DAA., DEA., IPU., ASEAN Eng.&nbsp; &nbsp; &nbsp; &nbsp; &nbsp; &nbsp; &nbsp; &nbsp; &nbsp; &nbsp; &nbsp; &nbsp; &nbsp; &nbsp; &nbsp; &nbsp; &nbsp; &nbsp; &nbsp; &nbsp; &nbsp; &nbsp; &nbsp; &nbsp; &nbsp; &nbsp; &nbsp; &nbsp; &nbsp; &nbsp; &nbsp; &nbsp; &nbsp; &nbsp; &nbsp; &nbsp; &nbsp; &nbsp; &nbsp; &nbsp; &nbsp; &nbsp; &nbsp; &nbsp; &nbsp; &nbsp; &nbsp; &nbsp; &nbsp; &nbsp; &nbsp; &nbsp; &nbsp; &nbsp; &nbsp; &nbsp; &nbsp; &nbsp; &nbsp; &nbsp; &nbsp; &nbsp; &nbsp; &nbsp; &nbsp; &nbsp; &nbsp; &nbsp; &nbsp; &nbsp; &nbsp; &nbsp; &nbsp; &nbsp; &nbsp; &nbsp; &nbsp; &nbsp; &nbsp; &nbsp; &nbsp; &nbsp; &nbsp; &nbsp; &nbsp; &nbsp; &nbsp; &nbsp; &nbsp;&nbsp;<br><span style=\"font-size: 1rem;\">&nbsp; </span>&nbsp;&nbsp;&nbsp;&nbsp;&nbsp;&nbsp;&nbsp;&nbsp;&nbsp;&nbsp;&nbsp;&nbsp;&nbsp;&nbsp;&nbsp;&nbsp;&nbsp;&nbsp;&nbsp;&nbsp;&nbsp;&nbsp;&nbsp;&nbsp;&nbsp;&nbsp;&nbsp;&nbsp;&nbsp;&nbsp;&nbsp;&nbsp;<span style=\"font-size: 1rem;\">Dekan Fakultas Peternakan Universitas Gadjah Mada&nbsp;</span></p><p>Moderator<span style=\"white-space:pre\">		</span>: Ir. Nur Tjahjo, MM.&nbsp;&nbsp;&nbsp;&nbsp;<br><span style=\"font-size: 1rem; white-space: pre;\">			</span><span style=\"font-size: 1rem;\">&nbsp; &nbsp;</span>&nbsp;&nbsp;&nbsp;&nbsp;&nbsp;&nbsp;&nbsp;<span style=\"font-size: 1rem;\">Human Capital Director</span></p><p>Peserta <span style=\"white-space:pre\">		</span>: Level Manager Up All Line Business</p><div><br></div>', '', '', '', '', '', '', '3_Webinar2-Peran-Manager-untuk-Meningkatkan-Produktifitas-dalam-Menghadapi-Era-New-Normal.png', 'dhawy', 'Selasa', '2021-09-14', '14:33:39', '', '', '0000-00-00', '00:00:00', 13, 'publish'),
(37, 'WEBINAR SERIES 3', 'webinar-series-3', 4, '<p>Tema <span style=\"white-space:pre\">		</span>: Kiat Menembus Pasar Export Commodity, Poultry, Meat Fresh,&nbsp;<span style=\"font-size: 1rem;\">&nbsp;Meat &amp; Processing dan Leather di Era Revolusi Industri 4.0 &amp;&nbsp;</span><span style=\"font-size: 1rem;\">Society 5.0&nbsp;</span></p><p><span style=\"font-size: 1rem;\">Pelaksanaan</span><span style=\"font-size: 1rem; white-space: pre;\">	</span><span style=\"font-size: 1rem;\">: 30 Juni 2021</span></p><p>Narasumber<span style=\"white-space:pre\">	</span>: Prof Erry Yulian T. Adesta PhD. Ceng (UK). MIMechE, IPM (PII)&nbsp; &nbsp; &nbsp; &nbsp; &nbsp; &nbsp; &nbsp;<br><span style=\"font-size: 1rem;\">&nbsp;</span>&nbsp;&nbsp;&nbsp;&nbsp;&nbsp;&nbsp;&nbsp;&nbsp;&nbsp;&nbsp;&nbsp;&nbsp;&nbsp;&nbsp;&nbsp;&nbsp;&nbsp;&nbsp;&nbsp;&nbsp;&nbsp;&nbsp;&nbsp;&nbsp;&nbsp;&nbsp;&nbsp;&nbsp;&nbsp;&nbsp;&nbsp;&nbsp;&nbsp;<span style=\"font-size: 1rem;\">Dekan Fakultas Teknik , International Islamic University Malaysia&nbsp;</span></p><p><span style=\"font-size: 1rem;\">Moderator</span><span style=\"font-size: 1rem; white-space: pre;\">		</span><span style=\"font-size: 1rem;\">: Mega Nurfitriyana, S.E., B.Sc., M.Sc.<br></span>&nbsp;&nbsp;&nbsp;&nbsp;&nbsp;&nbsp;&nbsp;&nbsp;&nbsp;&nbsp;&nbsp;&nbsp;&nbsp;&nbsp;&nbsp;&nbsp;<span style=\"font-size: 1rem; white-space: pre;\">		</span><span style=\"font-size: 1rem;\">&nbsp; COO PT Widodo Makmur Perkasa&nbsp;</span></p><p>Peserta <span style=\"white-space:pre\">		</span>: Supervisor Up All Line Business</p><div><br></div>', '', '', '', '', '', '', '4_Webinar3-Kiat-Menembus-Pasar-Export-Commodity.png', 'dhawy', 'Selasa', '2021-09-14', '14:35:35', '', '', '0000-00-00', '00:00:00', 14, 'publish'),
(38, 'WEBINAR SERIES 4', 'webinar-series-4', 4, '<p>Tema <span style=\"white-space:pre\">		</span>: Memenangkan Startegic Intelligence untuk Memenangkan Pasar Global&nbsp;</p><p>Narasumber<span style=\"white-space:pre\">	</span>: Komjen Pol (Purn). Drs. Setyo Wasisto, SH.&nbsp;&nbsp;&nbsp;&nbsp;&nbsp;&nbsp;&nbsp;&nbsp;&nbsp;&nbsp;&nbsp;&nbsp;&nbsp;&nbsp;&nbsp;&nbsp;&nbsp;&nbsp;&nbsp;&nbsp;&nbsp;<br><span style=\"font-size: 1rem;\">&nbsp;</span>&nbsp;&nbsp;&nbsp;&nbsp;&nbsp;&nbsp;&nbsp;&nbsp;&nbsp;&nbsp;&nbsp;&nbsp;&nbsp;&nbsp;&nbsp;&nbsp;&nbsp;&nbsp;&nbsp;&nbsp;&nbsp;&nbsp;&nbsp;&nbsp;&nbsp;&nbsp;&nbsp;&nbsp;&nbsp;&nbsp;&nbsp;&nbsp;<span style=\"font-size: 1rem;\">Commissioner PT Widodo Makmur Perkasa&nbsp;</span></p><p>Moderator<span style=\"white-space:pre\">		</span>: Yuli Sumantri, S.Pt&nbsp;<br><span style=\"font-size: 1rem;\">&nbsp;</span>&nbsp;&nbsp;&nbsp;&nbsp;&nbsp;&nbsp;&nbsp;&nbsp;&nbsp;&nbsp;&nbsp;&nbsp;&nbsp;&nbsp;&nbsp;&nbsp;&nbsp;&nbsp;&nbsp;&nbsp;&nbsp;&nbsp;&nbsp;&nbsp;&nbsp;&nbsp;&nbsp;&nbsp;&nbsp;&nbsp;&nbsp;&nbsp;&nbsp;<span style=\"font-size: 1rem;\">Document Controller &amp; Product Development&nbsp;</span></p><p>Peserta <span style=\"white-space:pre\">		</span>: Manager Up All Line Business</p><div><br></div>', '', '', '', '', '', '', '5_Webinar4-Memenangkan-Startegic-Intelligence-untuk-Memenangkan-Pasar-Global.png', 'dhawy', 'Selasa', '2021-09-14', '14:36:59', '', '', '0000-00-00', '00:00:00', 14, 'publish'),
(39, 'VAKSINASI KARYAWAN', 'vaksinasi-karyawan', 4, '<p>Nama kegiatan<span style=\"white-space:pre\">	</span>&nbsp; &nbsp; &nbsp; &nbsp; : Vaksinasi Covid-19&nbsp;</p><p>Pelaksanaan<span style=\"white-space:pre\">		</span>: Di seluruh Wilayah Unit PT Widodo Makmur Perkasa Group</p><p>Keterangan<span style=\"white-space:pre\">		</span>: Menghadapi pandemic Covid-19 dan berpartisipasi dalam program pemerintah guna percepatan vaksin, karyawan PT WMP Group semua melakukan vaksinasi mulai dari Holding di Jakarta diikuti oleh seluruh Lini Bisnis WMP Group di seluruh wilayah yang tersebar di pulau jawa. Keselamatan dan Kesehatan karyawan menjadi perhatian utama perusahaan agar perusahaan tetap maju dan bertahan ditengah pandemi&nbsp;</p><div><br></div>', '', '', '', '', '', '', '6_Updatevaksinasikaryawan.png', 'dhawy', 'Selasa', '2021-09-14', '14:38:55', '', '', '0000-00-00', '00:00:00', 14, 'publish'),
(40, 'Vaksinasi Karyawan PT WMP, PASTE & CAM di Jakarta', 'vaksinasi-karyawan-pt-wmp-paste--cam-di-jakarta', 4, '', '', '', '', '', '', '', '7_Vaksinasi-Karyawan-PT-WMP,-PASTE--CAM-di-Jakarta.png', 'dhawy', 'Selasa', '2021-09-14', '14:40:35', '', '', '0000-00-00', '00:00:00', 15, 'publish'),
(41, 'Vaksinasi Karyawan PT PASTE & PT CAM di Cianjur', 'vaksinasi-karyawan-pt-paste--pt-cam-di-cianjur', 4, '', '', '', '', '', '', '', '8_Vaksinasi-Karyawan-PT-PASTE--PT-CAM-di-Cianjur.png', 'dhawy', 'Selasa', '2021-09-14', '14:40:54', '', '', '0000-00-00', '00:00:00', 16, 'publish');

--
-- Indexes for dumped tables
--

--
-- Indexes for table `bisnis`
--
ALTER TABLE `bisnis`
  ADD PRIMARY KEY (`bisnis_id`);

--
-- Indexes for table `bisnis_kategori`
--
ALTER TABLE `bisnis_kategori`
  ADD PRIMARY KEY (`bisnis_kategori_id`);

--
-- Indexes for table `blogs`
--
ALTER TABLE `blogs`
  ADD PRIMARY KEY (`blogs_id`);

--
-- AUTO_INCREMENT for dumped tables
--

--
-- AUTO_INCREMENT for table `bisnis`
--
ALTER TABLE `bisnis`
  MODIFY `bisnis_id` int(11) NOT NULL AUTO_INCREMENT, AUTO_INCREMENT=49;

--
-- AUTO_INCREMENT for table `bisnis_kategori`
--
ALTER TABLE `bisnis_kategori`
  MODIFY `bisnis_kategori_id` int(11) NOT NULL AUTO_INCREMENT, AUTO_INCREMENT=24;

--
-- AUTO_INCREMENT for table `blogs`
--
ALTER TABLE `blogs`
  MODIFY `blogs_id` int(11) NOT NULL AUTO_INCREMENT, AUTO_INCREMENT=42;
COMMIT;

/*!40101 SET CHARACTER_SET_CLIENT=@OLD_CHARACTER_SET_CLIENT */;
/*!40101 SET CHARACTER_SET_RESULTS=@OLD_CHARACTER_SET_RESULTS */;
/*!40101 SET COLLATION_CONNECTION=@OLD_COLLATION_CONNECTION */;
